{
	"cmake-tools.command.cmake.openCMakePresets.title": "Apertura de CMakePresets.json",
	"cmake-tools.command.cmake.addConfigurePreset.title": "Agregar Configurar valores predeterminados",
	"cmake-tools.command.cmake.addBuildPreset.title": "Agregación de valor preestablecido de compilación",
	"cmake-tools.command.cmake.addTestPreset.title": "Agregación de valor prestablecido de prueba",
	"cmake-tools.command.cmake.selectConfigurePreset.title": "Seleccionar Configurar valores predeterminados",
	"cmake-tools.command.cmake.selectBuildPreset.title": "Seleccionar Compilar valores predeterminados",
	"cmake-tools.command.cmake.selectTestPreset.title": "Seleccionar Probar valores predeterminados",
	"cmake-tools.command.cmake.viewLog.title": "Abrir el archivo de registro de las Herramientas de CMake",
	"cmake-tools.command.cmake.logDiagnostics.title": "Diagnósticos de registro",
	"cmake-tools.command.cmake.editKits.title": "Editar los kits de CMake de usuario local",
	"cmake-tools.command.cmake.scanForKits.title": "Buscar los kits",
	"cmake-tools.command.cmake.scanForCompilers.title": "Búsqueda de compiladores",
	"cmake-tools.command.cmake.selectKit.title": "Seleccionar un kit",
	"cmake-tools.command.cmake.setVariant.title": "Seleccionar una variante",
	"cmake-tools.command.cmake.setVariantAll.title": "Seleccionar una variante para todos los proyectos",
	"cmake-tools.command.cmake.configure.title": "Configurar",
	"cmake-tools.command.cmake.configureAll.title": "Configurar todos los proyectos",
	"cmake-tools.command.cmake.showConfigureCommand.title": "Mostrar comando Configurar",
	"cmake-tools.command.cmake.build.title": "Versión de compilación",
	"cmake-tools.command.cmake.buildAll.title": "Compilar todos los proyectos",
	"cmake-tools.command.cmake.showBuildCommand.title": "Mostrar comando de compilación",
	"cmake-tools.command.cmake.buildNamedTarget.title": "(Interno) Compilar un destino por nombre",
	"cmake-tools.command.cmake.compileFile.title": "Compilar el archivo activo",
	"cmake-tools.command.cmake.outline.compileFile.title": "Compilar archivo",
	"cmake-tools.command.cmake.install.title": "Instalar",
	"cmake-tools.command.cmake.installAll.title": "Instalar todos los proyectos",
	"cmake-tools.command.cmake.buildWithTarget.title": "Destino de compilación",
	"cmake-tools.command.cmake.setDefaultTarget.title": "Establecer el destino de compilación",
	"cmake-tools.command.cmake.cleanConfigure.title": "Eliminar la memoria caché y volver a configurar",
	"cmake-tools.command.cmake.cleanConfigureAll.title": "Eliminar la memoria caché y reconfigurar todos los proyectos",
	"cmake-tools.command.cmake.editCacheUI.title": "Editar la memoria caché de CMake (UI)",
	"cmake-tools.command.cmake.outline.cleanConfigure.title": "Limpiar reconfiguración",
	"cmake-tools.command.cmake.outline.cleanConfigureAll.title": "Limpiar reconfigurar todos los proyectos",
	"cmake-tools.command.cmake.clean.title": "Limpiar",
	"cmake-tools.command.cmake.cleanAll.title": "Limpiar todos los proyectos",
	"cmake-tools.command.cmake.cleanRebuild.title": "Recompilación limpia",
	"cmake-tools.command.cmake.cleanRebuildAll.title": "Recompilación limpia de todos los proyectos",
	"cmake-tools.command.cmake.ctest.title": "Ejecutar pruebas",
	"cmake-tools.command.cmake.ctestAll.title": "Ejecutar pruebas para todos los proyectos",
	"cmake-tools.command.cmake.editCache.title": "Editar la memoria caché de CMake",
	"cmake-tools.command.cmake.quickStart.title": "Inicio rápido",
	"cmake-tools.command.cmake.debugTarget.title": "Depurar",
	"cmake-tools.command.cmake.debugTargetAll.title": "Depurar todos los proyectos",
	"cmake-tools.command.cmake.launchTarget.title": "Ejecutar sin depuración",
	"cmake-tools.command.cmake.launchTargetAll.title": "Ejecutar todos los proyectos sin depuración",
	"cmake-tools.command.cmake.selectLaunchTarget.title": "Establecer el destino de depuración",
	"cmake-tools.command.cmake.stop.title": "Cancelar compilación",
	"cmake-tools.command.cmake.stopAll.title": "Cancelar la compilación de todos los proyectos",
	"cmake-tools.command.cmake.resetState.title": "Restablecer el estado de la extensión Herramientas de CMake (para solucionar problemas)",
	"cmake-tools.command.cmake.selectActiveFolder.title": "Seleccionar la carpeta activa",
	"cmake-tools.command.cmake.outline.runUtilityTarget.title": "Ejecutar la utilidad",
	"cmake-tools.command.cmake.outline.debugTarget.title": "Depurar",
	"cmake-tools.command.cmake.outline.launchTarget.title": "Ejecutar en terminal",
	"cmake-tools.command.cmake.outline.setDefaultTarget.title": "Establecer como destino de compilación",
	"cmake-tools.command.cmake.outline.setLaunchTarget.title": "Establecer como destino de inicio o depuración",
	"cmake-tools.command.cmake.outline.revealInCMakeLists.title": "Abrir CMakeLists.txt",
	"cmake-tools.command.cmake.folders.setActiveFolder.title": "Establecer la carpeta activa",
	"cmake-tools.configuration.title": "Configuración de Herramientas de CMake",
	"cmake-tools.configuration.cmake.cmakePath.description": "Nombre o ruta de acceso del ejecutable de CMake que se va a usar.",
	"cmake-tools.configuration.cmake.buildDirectory.description": "El directorio en el que se incluirán los archivos de compilación de CMake.",
	"cmake-tools.configuration.cmake.installPrefix.description": "El directorio en el que se incluirán los archivos de CMake instalados.",
	"cmake-tools.configuration.cmake.sourceDirectory.description": "Ruta de acceso o matriz de rutas de acceso al directorio o los directorios raíz de CMakeLists.txt.",
	"cmake-tools.configuration.cmake.saveBeforeBuild.description": "Guarda los archivos abiertos antes de compilar.",
	"cmake-tools.configuration.cmake.buildBeforeRun.description": "Compile el destino antes de ejecutarlo.",
	"cmake-tools.configuration.cmake.clearOutputBeforeBuild.description": "Limpia la salida de la compilación antes de cada compilación.",
	"cmake-tools.configuration.cmake.configureSettings.description": "Variables de CMake que se van a establecer en la línea de comandos.",
	"cmake-tools.configuration.cmake.cacheInit.string.description": "Ruta de acceso a un archivo CMake de inicialización de caché.",
	"cmake-tools.configuration.cmake.cacheInit.array.description": "Lista de archivos de inicializador de caché.",
	"cmake-tools.configuration.cmake.cacheInit.array.string.description": "Caché que inicializa el archivo CMake.",
	"cmake-tools.configuration.cmake.preferredGenerators.description": "Generadores preferidos de CMake que se van a usar durante la configuración (probados en el orden de la lista).",
	"cmake-tools.configuration.cmake.generator.description": "El generador de CMake que se va a usar.",
	"cmake-tools.configuration.cmake.toolset.description": "El conjunto de herramientas de CMake que se va a usar al configurar.",
	"cmake-tools.configuration.cmake.platform.description": "La plataforma CMake que se va a usar al configurar.",
	"cmake-tools.configuration.cmake.configureArgs.description": "Argumentos adicionales que se pasan a CMake al configurar.",
	"cmake-tools.configuration.cmake.buildArgs.description": "Argumentos adicionales que se pasan a CMake al compilar.",
	"cmake-tools.configuration.cmake.buildToolArgs.description": "Argumentos adicionales que se pasan a la herramienta de compilación subyacente al compilar.",
	"cmake-tools.configuration.cmake.parallelJobs.description": "Número de trabajos de compilación paralelos. Use cero para detectar automáticamente el número de CPU. Si se establece en 1, se deshabilitará el paralelismo de compilación.",
	"cmake-tools.configuration.cmake.ctestPath.description": "Ruta de acceso al ejecutable de CTest. Si es NULL, se inferirá de cmake.cmakePath (se recomienda dejar NULL).",
	"cmake-tools.configuration.cmake.ctest.parallelJobs.description": "Número de trabajos de prueba paralelos. Use cero para utilizar el valor de cmake.parallelJobs.",
	"cmake-tools.configuration.cmake.parseBuildDiagnostics.description": "Analiza la salida del compilador para encontrar advertencias y errores.",
	"cmake-tools.configuration.cmake.enabledOutputParsers.description": "Analizadores de salida que se van a usar. Analizadores admitidos: `cmake`, `gcc`, `gnuld` para la salida del enlazador GNULD, `msvc` para Microsoft Visual C++, `ghs` para el compilador de Green Hills con --no_wrap_diagnostics --brief_diagnostics y `diab` para el compilador de Wind River Diab.",
	"cmake-tools.configuration.cmake.debugConfig.description": "Configuración de depuración que se va a usar al depurar un destino.",
	"cmake-tools.configuration.cmake.debugConfig.symbolSearchPath.description": "Rutas de acceso de búsqueda de símbolos del depurador de Visual Studio.",
	"cmake-tools.configuration.cmake.debugConfig.additionalSOLibSearchPath.description": "Rutas de acceso para GDB o LLDB para buscar archivos .so.",
	"cmake-tools.configuration.cmake.debugConfig.externalConsole.description": "Inicia una consola externa para el programa.",
	"cmake-tools.configuration.cmake.debugConfig.console.description": "Indica dónde se debe iniciar el destino de depuración. Si no se define, el valor predeterminado es `internalConsole`.",
	"cmake-tools.configuration.cmake.debugConfig.console.internalConsole.description": "Salida a la Consola de depuración de VS Code. No se admite la lectura de entrada de la consola (ejemplo: `std::cin` o `scanf`).",
	"cmake-tools.configuration.cmake.debugConfig.console.integratedTerminal.description": "Terminal integrado de VS Code.",
	"cmake-tools.configuration.cmake.debugConfig.console.externalTerminal.description": "Las aplicaciones de consola se iniciarán en una ventana de terminal de tipo externo. La ventana se volverá a usar en los escenarios de reinicio y no desaparecerá automáticamente cuando se cierre la aplicación.",
	"cmake-tools.configuration.cmake.debugConfig.console.newExternalWindow.description": "Las aplicaciones de consola se iniciarán en su propia ventana de consola externa, que terminará cuando la aplicación se detenga. Las aplicaciones que no sean de consola se ejecutarán sin un terminal y se omitirá stdout/stderr.",
	"cmake-tools.configuration.cmake.debugConfig.logging.description": "Indica los tipos de mensajes que deben registrarse en la consola.",
	"cmake-tools.configuration.cmake.debugConfig.visualizerFile.description": "Archivo .natvis que se va a usar al depurar.",
	"cmake-tools.configuration.cmake.debugConfig.args.description": "Argumentos que se pasan a la línea de comandos del programa.",
	"cmake-tools.configuration.cmake.debugConfig.cwd.description": "Establece el directorio de trabajo para el programa.",
	"cmake-tools.configuration.cmake.debugConfig.environment.name.description": "Nombre de la variable de entorno.",
	"cmake-tools.configuration.cmake.debugConfig.environment.value.description": "Valor de la variable de entorno.",
	"cmake-tools.configuration.cmake.debugConfig.miDebuggerPath.description": "Ruta de acceso al depurador de gdb o lldb.",
	"cmake-tools.configuration.cmake.debugConfig.stopAtEntry.description": "Se detiene en el punto de entrada del destino.",
	"cmake-tools.configuration.cmake.debugConfig.setupCommands.description": "Comando para configurar gdb o lldb.",
	"cmake-tools.configuration.cmake.debugConfig.setupCommands.text.description": "Comando para ejecutar.",
	"cmake-tools.configuration.cmake.debugConfig.setupCommands.description.description": "Descripción del comando.",
	"cmake-tools.configuration.cmake.defaultVariants.buildType.description": "El tipo de compilación.",
	"cmake-tools.configuration.cmake.defaultVariants.buildType.debug.long": "Deshabilitar optimizaciones: incluir información de depuración.",
	"cmake-tools.configuration.cmake.defaultVariants.buildType.release.long": "Optimizar la velocidad: excluir información de depuración.",
	"cmake-tools.configuration.cmake.defaultVariants.buildType.minsize.long": "Optimizar para el tamaño binario más pequeño: excluir información de depuración.",
	"cmake-tools.configuration.cmake.defaultVariants.buildType.reldeb.long": "Optimizar la velocidad: incluir información de depuración.",
	"cmake-tools.configuration.cmake.ctestArgs.description": "Argumentos que se pasan a CTest.",
	"cmake-tools.configuration.cmake.ctestDefaultArgs.description": "Argumentos que se pasan de forma predeterminada a CTest.",
	"cmake-tools.configuration.cmake.environment.description": "Variables de entorno que se establecen al ejecutar comandos de CMake.",
	"cmake-tools.configuration.cmake.environment.additionalProperties.description": "Valor de la variable de entorno.",
	"cmake-tools.configuration.cmake.configureEnvironment.description": "Variables de entorno que se pasan a CMake durante la configuración.",
	"cmake-tools.configuration.cmake.buildEnvironment.description": "Variables de entorno que se pasan a CMake durante la compilación.",
	"cmake-tools.configuration.cmake.testEnvironment.description": "Variables de entorno que se pasan a CTest.",
	"cmake-tools.configuration.cmake.mingwSearchDirs.description": "Directorios en los que se puede instalar MinGW.",
	"cmake-tools.configuration.cmake.searchDirs.items.description": "Ruta de acceso a un directorio.",
	"cmake-tools.configuration.cmake.emscriptenSearchDirs.description": "Directorios en los que se puede instalar Emscripten.",
	"cmake-tools.configuration.cmake.mergedCompileCommands.description": "Recopile y combine de forma recursiva todos los compile_commands.json que se encuentran en cmake.buildDirectory.",
	"cmake-tools.configuration.cmake.copyCompileCommands.description": "Copia compile_commands.json en esta ubicación después de una configuración correcta.",
	"cmake-tools.configuration.cmake.configureOnOpen.description": "Configura automáticamente los directorios del proyecto de CMake al abrirlos.",
	"cmake-tools.configuration.cmake.configureOnEdit.description": "Configure automáticamente los directorios de proyectos de CMake cuando se guarde el contenido de cmake.sourceDirectory o CMakeLists.txt.",
	"cmake-tools.configuration.cmake.setBuildTypeOnMultiConfig.description": "Establece CMAKE_BUILD_TYPE también en generadores de configuración múltiple.",
	"cmake-tools.configuration.cmake.skipConfigureIfCachePresent.description": "Omite el proceso de configuración si la memoria caché está presente.",
	"cmake-tools.configuration.cmake.cmakeCommunicationMode": "El protocolo que se usa para la comunicación entre la extensión y CMake.",
	"cmake-tools.configuration.cmake.showSystemKits.description": "Incluir kits de sistema en la selección del kit",
	"cmake-tools.configuration.cmake.ignoreKitEnv.description": "No use las variables de entorno del kit al ejecutar comandos de CMake.",
	"cmake-tools.configuration.cmake.buildTask.description": "Use tasks.json para compilar en lugar del proceso interno.",
	"cmake-tools.configuration.cmake.outputLogEncoding.description": "Codificación de la salida de los comandos externos (por ejemplo, cmake -- build).",
	"cmake-tools.configuration.cmake.enableTraceLogging.description": "Habilita el registro de seguimiento para el archivo y la consola (con mucho ruido).",
	"cmake-tools.configuration.cmake.autoSelectActiveFolder.description": "Seleccione la carpeta activa de forma automática.",
	"cmake-tools.configuration.cmake.touchbar.visibility.description": "Configura la forma en que la extensión muestra los botones en una barra táctil de MacBook.",
	"cmake-tools.configuration.cmake.touchbar.visibility.default.description": "Muestra los botones de la barra táctil en los sistemas compatibles.",
	"cmake-tools.configuration.cmake.touchbar.visibility.hidden.description": "No muestra los botones de la barra táctil.",
	"cmake-tools.configuration.cmake.statusbar.visibility.description": "Configura la forma en la que la extensión muestra los botones en la barra de estado.",
	"cmake-tools.configuration.cmake.statusbar.advanced.description": "Establece la configuración de los botones individuales de la barra de estado. Esta configuración sobrescribe el valor \"cmake.statusbar.visibility\", más general.",
	"cmake-tools.configuration.cmake.statusbar.advanced.visibility.description": "Configura la forma en la que la extensión muestra este botón en la barra de estado.",
	"cmake-tools.configuration.cmake.statusbar.advanced.ctest.color.description": "Habilita un cambio de color para este botón en función de los resultados de pruebas.",
	"cmake-tools.configuration.cmake.statusbar.advanced.length.description": "Configura la longitud máxima del texto visible en el modo \"compacto\".",
	"cmake-tools.configuration.views.cmake.folders.description": "Carpetas",
	"cmake-tools.configuration.views.cmake.outline.description": "Esquema del proyecto",
	"cmake-tools.configuration.cmake.additionalKits.description": "Matriz de rutas de acceso a los archivos de kit personalizados",
	"cmake-tools.configuration.cmake.revealLog.description": "Establecer la configuración para mostrar el registro y centrarse en el canal de salida.",
	"cmake-tools.configuration.cmake.revealLog.focus.description": "El registro aparece y el canal de salida detecta el foco del cursor.",
	"cmake-tools.configuration.cmake.revealLog.always.description": "El registro aparece, pero el canal de salida no detecta el foco del cursor.",
	"cmake-tools.configuration.cmake.revealLog.never.description": "El registro no aparece ni detecta el foco.",
	"cmake-tools.configuration.cmake.exportCompileCommandsFile.description": "Habilita la exportación de compile_commands.json.",
	"cmake-tools.configuration.cmake.useCMakePresets.description": "Use CMakePresets.json para configurar, compilar y probar la unidad CMake. Cuando use CMakePresets.json, los kits, las variantes y algunos valores de configuración de settings.json se omitirán.",
	"cmake-tools.configuration.cmake.allowCommentsInPresetsFile.description": "Permitir el uso de extensiones JSON como comentarios en CMakePresets.json. Tenga en cuenta que el archivo CMakePresets.json puede considerarse no válido por otros IDE o en la línea de comandos si usa JSON no estándar.",
	"cmake-tools.configuration.cmake.allowUnsupportedPresetsVersions.description": "Habilita el uso de archivos preestablecidos que usan características de las versiones que la extensión herramientas de CMake no admite actualmente. Se omitirán las propiedades y macros desconocidas.",
	"cmake-tools.configuration.cmake.ignoreCMakeListsMissing.description": "Si es `true`, la extensión no pedirá al usuario que seleccione un archivo CMakeLists.txt para la configuración cuando se encuentre uno en el área de trabajo, pero no en la carpeta raíz.",
	"cmake-tools.configuration.cmake.launchBehavior.description": "Controla lo que sucede con el terminal de inicio al iniciar un destino.",
	"cmake-tools.taskDefinitions.properties.label.description": "Nombre de la tarea",
	"cmake-tools.taskDefinitions.properties.command.description": "Comando CMake",
	"cmake-tools.taskDefinitions.properties.targets.description": "Destinos de compilación de CMake",
	"cmake-tools.taskDefinitions.properties.preset.description": "Nombre preestablecido de CMake. Este es un ajuste preestablecido de configuración, compilación o prueba, basado en el comando CMake",
	"cmake-tools.taskDefinitions.properties.options.description": "Opciones de comando adicionales",
	"cmake-tools.taskDefinitions.properties.options.cwd.description": "Directorio de trabajo actual del script o el programa ejecutado. Si se omite, se usa la raíz del área de trabajo actual de Code.",
	"cmake-tools.taskDefinitions.properties.options.environment.markdownDescription": "Variables de entorno con el formato \"name\": \"value\".",
	"cmake-tools.taskDefinitions.properties.details.description": "Detalles adicionales de la tarea",
	"cmake-tools.configuration.cmake.launchBehavior.reuseTerminal.markdownDescriptions": "La instancia del terminal de inicio se reutiliza y el destino se iniciará en cuanto el terminal esté inactivo.",
	"cmake-tools.configuration.cmake.launchBehavior.breakAndReuseTerminal.markdownDescriptions": "La instancia de terminal de inicio se reutiliza y se envía un comando `break` para finalizar cualquier proceso en primer plano activo antes de iniciar el destino.",
	"cmake-tools.configuration.cmake.launchBehavior.newTerminal.markdownDescriptions": "Se ha creado una nueva instancia de terminal y se ha iniciado el destino en ella. Los terminales existentes no se limpian automáticamente.",
	"cmake-tools.configuration.cmake.loadCompileCommands.description": "Controla si la extensión lee compile_commands.json para habilitar la compilación de un solo archivo."
}