{
	"cmake-tools.command.cmake.openCMakePresets.title": "Open CMakePresets.json",
	"cmake-tools.command.cmake.addConfigurePreset.title": "Adicionar a Predefinição de Configuração",
	"cmake-tools.command.cmake.addBuildPreset.title": "Adicionar predefinições de com build",
	"cmake-tools.command.cmake.addTestPreset.title": "Adicionar Predefinições de Teste",
	"cmake-tools.command.cmake.selectConfigurePreset.title": "Selecione a Predefinição de Configuração",
	"cmake-tools.command.cmake.selectBuildPreset.title": "Selecionar a Predefinição de Compilação",
	"cmake-tools.command.cmake.selectTestPreset.title": "Selecione a Predefinição de Teste",
	"cmake-tools.command.cmake.viewLog.title": "Abrir o Arquivo de Log das Ferramentas do CMake",
	"cmake-tools.command.cmake.logDiagnostics.title": "Diagnóstico de Log",
	"cmake-tools.command.cmake.editKits.title": "Editar os Kits do CMake Locais do Usuário",
	"cmake-tools.command.cmake.scanForKits.title": "Examinar em busca de Kits",
	"cmake-tools.command.cmake.scanForCompilers.title": "Verificar se há compiladores",
	"cmake-tools.command.cmake.selectKit.title": "Selecionar um Kit",
	"cmake-tools.command.cmake.setVariant.title": "Selecionar a Variante",
	"cmake-tools.command.cmake.setVariantAll.title": "Selecionar a Variante de Todos os Projetos",
	"cmake-tools.command.cmake.configure.title": "Configurar",
	"cmake-tools.command.cmake.configureAll.title": "Configurar Todos os Projetos",
	"cmake-tools.command.cmake.showConfigureCommand.title": "Mostrar o Comando Configurar",
	"cmake-tools.command.cmake.build.title": "Compilar",
	"cmake-tools.command.cmake.buildAll.title": "Compilar Todos os Projetos",
	"cmake-tools.command.cmake.showBuildCommand.title": "Mostrar Comando da Build",
	"cmake-tools.command.cmake.buildNamedTarget.title": "(Interno) Compilar um Destino por Nome",
	"cmake-tools.command.cmake.compileFile.title": "Compilar o Arquivo Ativo",
	"cmake-tools.command.cmake.outline.compileFile.title": "Compilar Arquivo",
	"cmake-tools.command.cmake.install.title": "Instalar",
	"cmake-tools.command.cmake.installAll.title": "Instalar Todos os Projetos",
	"cmake-tools.command.cmake.buildWithTarget.title": "Destino de Build",
	"cmake-tools.command.cmake.setDefaultTarget.title": "Definir o Destino de Build",
	"cmake-tools.command.cmake.cleanConfigure.title": "Excluir o Cache e Reconfigurar",
	"cmake-tools.command.cmake.cleanConfigureAll.title": "Excluir o Cache e Reconfigurar Todos os Projetos",
	"cmake-tools.command.cmake.editCacheUI.title": "Editar o Cache do CMake (interface do usuário)",
	"cmake-tools.command.cmake.outline.cleanConfigure.title": "Reconfiguração Limpa",
	"cmake-tools.command.cmake.outline.cleanConfigureAll.title": "Limpar a Ação Reconfigurar Todos os Projetos",
	"cmake-tools.command.cmake.clean.title": "Limpar",
	"cmake-tools.command.cmake.cleanAll.title": "Limpar Todos os Projetos",
	"cmake-tools.command.cmake.cleanRebuild.title": "Rebuild Limpo",
	"cmake-tools.command.cmake.cleanRebuildAll.title": "Limpar a Ação Recompilar Todos os Projetos",
	"cmake-tools.command.cmake.ctest.title": "Executar Testes",
	"cmake-tools.command.cmake.ctestAll.title": "Executar Testes de Todos os Projetos",
	"cmake-tools.command.cmake.editCache.title": "Editar o Cache do CMake",
	"cmake-tools.command.cmake.quickStart.title": "Início Rápido",
	"cmake-tools.command.cmake.debugTarget.title": "Depurar",
	"cmake-tools.command.cmake.debugTargetAll.title": "Depurar Todos os Projetos",
	"cmake-tools.command.cmake.launchTarget.title": "Executar sem Depuração",
	"cmake-tools.command.cmake.launchTargetAll.title": "Executar Todos os Projetos sem Depuração",
	"cmake-tools.command.cmake.selectLaunchTarget.title": "Definir o Destino de Depuração",
	"cmake-tools.command.cmake.stop.title": "Cancelar Build",
	"cmake-tools.command.cmake.stopAll.title": "Cancelar o Build de Todos os Projetos",
	"cmake-tools.command.cmake.resetState.title": "Redefinir o Estado da Extensão de Ferramentas do CMake (para solução de problemas)",
	"cmake-tools.command.cmake.selectActiveFolder.title": "Selecionar a Pasta Ativa",
	"cmake-tools.command.cmake.outline.runUtilityTarget.title": "Executar o Utilitário",
	"cmake-tools.command.cmake.outline.debugTarget.title": "Depurar",
	"cmake-tools.command.cmake.outline.launchTarget.title": "Executar no Terminal",
	"cmake-tools.command.cmake.outline.setDefaultTarget.title": "Definir como Destino do Build",
	"cmake-tools.command.cmake.outline.setLaunchTarget.title": "Definir como o Destino de Inicialização ou de Depuração",
	"cmake-tools.command.cmake.outline.revealInCMakeLists.title": "Abrir CMakeLists.txt",
	"cmake-tools.command.cmake.folders.setActiveFolder.title": "Definir a Pasta Ativa",
	"cmake-tools.configuration.title": "Configuração de Ferramentas CMake",
	"cmake-tools.configuration.cmake.cmakePath.description": "O nome ou caminho do executável do CMake a ser usado.",
	"cmake-tools.configuration.cmake.buildDirectory.description": "O diretório para o qual os arquivos de build do CMake serão enviados.",
	"cmake-tools.configuration.cmake.installPrefix.description": "O diretório para o qual os arquivos instalados do CMake irão.",
	"cmake-tools.configuration.cmake.sourceDirectory.description": "Caminho ou matriz de caminhos para o diretório/diretórios raiz do CMakeLists.txt.",
	"cmake-tools.configuration.cmake.saveBeforeBuild.description": "Salvar os arquivos abertos antes do build.",
	"cmake-tools.configuration.cmake.buildBeforeRun.description": "Compile o destino antes de executá-lo.",
	"cmake-tools.configuration.cmake.clearOutputBeforeBuild.description": "Limpar a saída do build antes de cada build.",
	"cmake-tools.configuration.cmake.configureSettings.description": "As variáveis do CMake a serem definidas na linha de comando.",
	"cmake-tools.configuration.cmake.cacheInit.string.description": "O caminho para um arquivo do CMake de inicialização de cache.",
	"cmake-tools.configuration.cmake.cacheInit.array.description": "Lista de arquivos do inicializador de cache.",
	"cmake-tools.configuration.cmake.cacheInit.array.string.description": "Um arquivo do CMake de inicialização de cache.",
	"cmake-tools.configuration.cmake.preferredGenerators.description": "Os geradores preferenciais do CMake a serem usados durante a configuração (tentados na ordem da listagem).",
	"cmake-tools.configuration.cmake.generator.description": "O gerador do CMake a ser usado.",
	"cmake-tools.configuration.cmake.toolset.description": "O conjunto de ferramentas do CMake a ser usado durante a configuração.",
	"cmake-tools.configuration.cmake.platform.description": "A plataforma do CMake a ser usada durante a configuração.",
	"cmake-tools.configuration.cmake.configureArgs.description": "Os argumentos adicionais a serem passados para o CMake durante a configuração.",
	"cmake-tools.configuration.cmake.buildArgs.description": "Os argumentos adicionais a serem passados para o CMake durante o build.",
	"cmake-tools.configuration.cmake.buildToolArgs.description": "Os argumentos adicionais a serem passados para a ferramenta de build subjacente durante o build.",
	"cmake-tools.configuration.cmake.parallelJobs.description": "O número de trabalhos de construção paralela. Use zero para detectar automaticamente o número de CPUs. Definir como 1 desabilitará o paralelismo de construção.",
	"cmake-tools.configuration.cmake.ctestPath.description": "O caminho para o executável do CTest. Se for nulo, será deduzido por meio do cmake.cmakePath (recomenda-se deixar nulo).",
	"cmake-tools.configuration.cmake.ctest.parallelJobs.description": "O número de trabalhos de teste paralelos. Use zero para aplicar o valor de cmake.parallelJobs.",
	"cmake-tools.configuration.cmake.parseBuildDiagnostics.description": "Analisar os avisos e erros da saída do compilador.",
	"cmake-tools.configuration.cmake.enabledOutputParsers.description": "Os analisadores de saída a serem usados. Há suporte para os analisadores 'cmake', 'gcc' e 'gnuld' para a saída de vinculador no estilo GNULD, 'msvc' para o Microsoft Visual C++ e 'ghs' para o compilador Green Hills com --no_wrap_diagnostics --brief_diagnostics e 'diab' para o compilador Wind River Diab.",
	"cmake-tools.configuration.cmake.debugConfig.description": "A configuração de depuração a ser usada durante a depuração de um destino.",
	"cmake-tools.configuration.cmake.debugConfig.symbolSearchPath.description": "Os caminhos de pesquisa de símbolo do depurador do Visual Studio.",
	"cmake-tools.configuration.cmake.debugConfig.additionalSOLibSearchPath.description": "Os caminhos para o GDB ou o LLDB a serem usados para pesquisar arquivos .so.",
	"cmake-tools.configuration.cmake.debugConfig.externalConsole.description": "Iniciar um console externo para o programa.",
	"cmake-tools.configuration.cmake.debugConfig.console.description": "Onde iniciar o destino da depuração. Se esta opção não for definida, 'internalConsole' será usado como padrão.",
	"cmake-tools.configuration.cmake.debugConfig.console.internalConsole.description": "Saída para o Console de Depuração do Código VS. Isso não suporta a leitura de entrada do console (ex: 'std::cin' ou 'scanf').",
	"cmake-tools.configuration.cmake.debugConfig.console.integratedTerminal.description": "Terminal integrado do VS Code.",
	"cmake-tools.configuration.cmake.debugConfig.console.externalTerminal.description": "Aplicativos de console serão lançadas em uma janela de terminal externo. A janela será reutilizada em cenários de relançamento e não desaparecerá automaticamente quando o aplicativo sair.",
	"cmake-tools.configuration.cmake.debugConfig.console.newExternalWindow.description": "Os aplicativos de console serão iniciados em suas próprias janelas de console externas, que serão encerradas quando o aplicativo for interrompido. Os aplicativos que não são de console serão executados sem um terminal e as opções stdout/stderr serão ignoradas.",
	"cmake-tools.configuration.cmake.debugConfig.logging.description": "Informar quais tipos de mensagens devem ser registradas no console.",
	"cmake-tools.configuration.cmake.debugConfig.visualizerFile.description": "Arquivo .natvis a ser usado durante a depuração.",
	"cmake-tools.configuration.cmake.debugConfig.args.description": "Os argumentos a serem passados para a linha de comando do programa.",
	"cmake-tools.configuration.cmake.debugConfig.cwd.description": "Definir o diretório de trabalho do programa.",
	"cmake-tools.configuration.cmake.debugConfig.environment.name.description": "O nome da variável de ambiente.",
	"cmake-tools.configuration.cmake.debugConfig.environment.value.description": "O valor da variável de ambiente.",
	"cmake-tools.configuration.cmake.debugConfig.miDebuggerPath.description": "O caminho para o depurador do gdb ou do lldb.",
	"cmake-tools.configuration.cmake.debugConfig.stopAtEntry.description": "Interromper no ponto de entrada do destino.",
	"cmake-tools.configuration.cmake.debugConfig.setupCommands.description": "O comando para configurar o gdb ou o lldb.",
	"cmake-tools.configuration.cmake.debugConfig.setupCommands.text.description": "O comando a ser executado.",
	"cmake-tools.configuration.cmake.debugConfig.setupCommands.description.description": "A descrição do comando.",
	"cmake-tools.configuration.cmake.defaultVariants.buildType.description": "O tipo de build.",
	"cmake-tools.configuration.cmake.defaultVariants.buildType.debug.long": "Desabilitar as otimizações – incluir as informações de depuração.",
	"cmake-tools.configuration.cmake.defaultVariants.buildType.release.long": "Otimizar para velocidade – excluir as informações de depuração.",
	"cmake-tools.configuration.cmake.defaultVariants.buildType.minsize.long": "Otimizar para o menor tamanho binário – excluir as informações de depuração.",
	"cmake-tools.configuration.cmake.defaultVariants.buildType.reldeb.long": "Otimizar para velocidade – incluir as informações de depuração.",
	"cmake-tools.configuration.cmake.ctestArgs.description": "Os argumentos a serem passados para o CTest.",
	"cmake-tools.configuration.cmake.ctestDefaultArgs.description": "Argumentos aprovados por padrão para CTest.",
	"cmake-tools.configuration.cmake.environment.description": "As variáveis de ambiente a serem definidas ao executar os comandos do CMake.",
	"cmake-tools.configuration.cmake.environment.additionalProperties.description": "O valor da variável de ambiente.",
	"cmake-tools.configuration.cmake.configureEnvironment.description": "As variáveis de ambiente a serem passadas para o CMake durante a configuração.",
	"cmake-tools.configuration.cmake.buildEnvironment.description": "As variáveis de ambiente a serem passadas para o CMake durante o build.",
	"cmake-tools.configuration.cmake.testEnvironment.description": "As variáveis de ambiente a serem passadas para o CTest.",
	"cmake-tools.configuration.cmake.mingwSearchDirs.description": "Os diretórios nos quais o MinGW pode ser instalado.",
	"cmake-tools.configuration.cmake.searchDirs.items.description": "O caminho para um diretório.",
	"cmake-tools.configuration.cmake.emscriptenSearchDirs.description": "Os diretórios nos quais o Emscripten pode ser instalado.",
	"cmake-tools.configuration.cmake.mergedCompileCommands.description": "Coletar e mesclar recursivamente todos os compile_commands.json encontrados no diretório CMake.BuildDirectory.",
	"cmake-tools.configuration.cmake.copyCompileCommands.description": "Copiar o compile_commands.json neste local após uma configuração bem-sucedida.",
	"cmake-tools.configuration.cmake.configureOnOpen.description": "Configurar os diretórios de projeto do CMake automaticamente quando eles forem abertos.",
	"cmake-tools.configuration.cmake.configureOnEdit.description": "Configure automaticamente diretórios de projeto do CMake quando o conteúdo de cmake.sourceDirectory ou de CMakeLists.txt forem salvos.",
	"cmake-tools.configuration.cmake.setBuildTypeOnMultiConfig.description": "Definir o CMAKE_BUILD_TYPE também nos geradores de multiconfiguração",
	"cmake-tools.configuration.cmake.skipConfigureIfCachePresent.description": "Ignore o processo de configuração se o cache estiver presente.",
	"cmake-tools.configuration.cmake.cmakeCommunicationMode": "O protocolo usado para a comunicação entre a extensão e o CMake",
	"cmake-tools.configuration.cmake.showSystemKits.description": "Incluir kits do sistema na seleção do kit",
	"cmake-tools.configuration.cmake.ignoreKitEnv.description": "Não use as variáveis de ambiente do kit ao executar os comandos do CMake.",
	"cmake-tools.configuration.cmake.buildTask.description": "Compilar usando o tasks.json em vez do processo interno.",
	"cmake-tools.configuration.cmake.outputLogEncoding.description": "A codificação da saída de comandos externos (ex.: cmake -- build).",
	"cmake-tools.configuration.cmake.enableTraceLogging.description": "Habilitar o log de rastreamento para arquivo e console (muito ruído).",
	"cmake-tools.configuration.cmake.autoSelectActiveFolder.description": "Selecionar a pasta ativa automaticamente.",
	"cmake-tools.configuration.cmake.touchbar.visibility.description": "Configura como a extensão exibe os botões em uma Touch Bar do MacBook",
	"cmake-tools.configuration.cmake.touchbar.visibility.default.description": "Mostrar os botões da Touch Bar nos sistemas com suporte.",
	"cmake-tools.configuration.cmake.touchbar.visibility.hidden.description": "Não mostrar os botões da Touch Bar.",
	"cmake-tools.configuration.cmake.statusbar.visibility.description": "Configura como a extensão exibe os botões na barra de status.",
	"cmake-tools.configuration.cmake.statusbar.advanced.description": "Define as configurações para botões de barra de status individuais. Essas configurações substituem a configuração mais geral 'cmake.statusbar.visibility'.",
	"cmake-tools.configuration.cmake.statusbar.advanced.visibility.description": "Configura como a extensão exibe este botão na barra de status.",
	"cmake-tools.configuration.cmake.statusbar.advanced.ctest.color.description": "Habilita uma alteração na cor deste botão, dependendo dos resultados do teste.",
	"cmake-tools.configuration.cmake.statusbar.advanced.length.description": "Configura o comprimento máximo do texto visível no modo 'compacto'.",
	"cmake-tools.configuration.views.cmake.folders.description": "Pastas",
	"cmake-tools.configuration.views.cmake.outline.description": "Estrutura do Código do Projeto",
	"cmake-tools.configuration.cmake.additionalKits.description": "Matriz de caminhos para os arquivos do kit personalizado",
	"cmake-tools.configuration.cmake.revealLog.description": "Define as configurações para mostrar o log e se concentrar no canal de saída.",
	"cmake-tools.configuration.cmake.revealLog.focus.description": "O log é exibido e o canal de saída usa o foco do cursor.",
	"cmake-tools.configuration.cmake.revealLog.always.description": "O log é exibido, mas o canal de saída não leva o foco do cursor.",
	"cmake-tools.configuration.cmake.revealLog.never.description": "O log não aparece nem usa o foco.",
	"cmake-tools.configuration.cmake.exportCompileCommandsFile.description": "Habilita a exportação de compile_commands.json.",
	"cmake-tools.configuration.cmake.useCMakePresets.description": "Use o CMakePresets.json para configurar a unidade CMake de configuração, compilação e teste. Ao usar o CMakePresets.json, kits, variantes e algumas configurações do settings.json serão ignoradas.",
	"cmake-tools.configuration.cmake.allowCommentsInPresetsFile.description": "Permita o uso de extensões JSON, tais como comentários em CMakePresets.json. Observe que seu arquivo CMakePresets.json pode ser considerado inválido por outros IDEs ou na linha de comando se você usar JSON não padrão.",
	"cmake-tools.configuration.cmake.allowUnsupportedPresetsVersions.description": "Habilita o uso de arquivos de predefinições que estão usando recursos das versões às quais a extensão CMake Tools não dá suporte no momento. Propriedades e macros desconhecidas serão ignoradas.",
	"cmake-tools.configuration.cmake.ignoreCMakeListsMissing.description": "Se for 'true', a extensão não solicitará que o usuário selecione um arquivo CMakeLists.txt para configuração quando um for encontrado no espaço de trabalho, mas não na pasta raiz.",
	"cmake-tools.configuration.cmake.launchBehavior.description": "Controla o que acontece com o terminal de lançamento quando você lança um alvo.",
	"cmake-tools.taskDefinitions.properties.label.description": "O nome da tarefa",
	"cmake-tools.taskDefinitions.properties.command.description": "Comando CMake",
	"cmake-tools.taskDefinitions.properties.targets.description": "Alvos da compilação do CMake",
	"cmake-tools.taskDefinitions.properties.preset.description": "Nome predefinido do CMake. Esta é uma configuração, compilação ou teste predefinido com base no comando CMake",
	"cmake-tools.taskDefinitions.properties.options.description": "Opções de comando adicionais",
	"cmake-tools.taskDefinitions.properties.options.cwd.description": "O diretório de trabalho atual do programa ou script executado. Se a raiz do workspace atual do código omitido for usada.",
	"cmake-tools.taskDefinitions.properties.options.environment.markdownDescription": "Variáveis de ambiente no formato de \"name\": \"value\".",
	"cmake-tools.taskDefinitions.properties.details.description": "Detalhes adicionais da tarefa",
	"cmake-tools.configuration.cmake.launchBehavior.reuseTerminal.markdownDescriptions": "A instância do terminal de lançamento é reaproveitada e o alvo será lançado assim que o terminal estiver ocioso.",
	"cmake-tools.configuration.cmake.launchBehavior.breakAndReuseTerminal.markdownDescriptions": "A instância do terminal de lançamento é reutilizada e um comando `break` é enviado para terminar qualquer processo ativo em primeiro plano antes de lançar o alvo.",
	"cmake-tools.configuration.cmake.launchBehavior.newTerminal.markdownDescriptions": "Uma nova instância terminal é criada e o alvo é lançado nela. Os terminais existentes não são limpos automaticamente.",
	"cmake-tools.configuration.cmake.loadCompileCommands.description": "Controla se a extensão lê compile_commands.json para habilitar a compilação de arquivo único."
}