{
	"cmake-tools.command.cmake.openCMakePresets.title": "CMakePresets.json Öğesini Aç",
	"cmake-tools.command.cmake.addConfigurePreset.title": "Yapılandırma Ön Ayarı Ekle",
	"cmake-tools.command.cmake.addBuildPreset.title": "Derleme Ön Ayarı Ekle",
	"cmake-tools.command.cmake.addTestPreset.title": "Test Ön Ayarını Ekle",
	"cmake-tools.command.cmake.selectConfigurePreset.title": "Yapılandırma Ön Ayarı Seçin",
	"cmake-tools.command.cmake.selectBuildPreset.title": "Derleme Ön Ayarı Seçin",
	"cmake-tools.command.cmake.selectTestPreset.title": "Test Ön Ayarı Seçin",
	"cmake-tools.command.cmake.viewLog.title": "CMake Araçları Günlük Dosyasını Aç",
	"cmake-tools.command.cmake.logDiagnostics.title": "Günlük Tanılama",
	"cmake-tools.command.cmake.editKits.title": "Kullanıcı için Yerel CMake Setlerini Düzenle",
	"cmake-tools.command.cmake.scanForKits.title": "Setler için Tara",
	"cmake-tools.command.cmake.scanForCompilers.title": "Derleyicileri Tara",
	"cmake-tools.command.cmake.selectKit.title": "Set Seçin",
	"cmake-tools.command.cmake.setVariant.title": "Varyant Seç",
	"cmake-tools.command.cmake.setVariantAll.title": "Tüm Projeler için Varyant Seç",
	"cmake-tools.command.cmake.configure.title": "Yapılandır",
	"cmake-tools.command.cmake.configureAll.title": "Tüm Projeleri Yapılandır",
	"cmake-tools.command.cmake.showConfigureCommand.title": "Yapılandır Komutunu Göster",
	"cmake-tools.command.cmake.build.title": "Derleme",
	"cmake-tools.command.cmake.buildAll.title": "Tüm Projeleri Derle",
	"cmake-tools.command.cmake.showBuildCommand.title": "Derleme Komutunu Göster",
	"cmake-tools.command.cmake.buildNamedTarget.title": "(İç) Ada Göre Bir Hedefi Derle",
	"cmake-tools.command.cmake.compileFile.title": "Etkin Dosyayı Derle",
	"cmake-tools.command.cmake.outline.compileFile.title": "Dosyayı Derle",
	"cmake-tools.command.cmake.install.title": "Yükle",
	"cmake-tools.command.cmake.installAll.title": "Tüm Projeleri Yükle",
	"cmake-tools.command.cmake.buildWithTarget.title": "Hedefi Derle",
	"cmake-tools.command.cmake.setDefaultTarget.title": "Derleme Hedefini Ayarla",
	"cmake-tools.command.cmake.cleanConfigure.title": "Önbelleği Sil ve Yeniden Yapılandır",
	"cmake-tools.command.cmake.cleanConfigureAll.title": "Önbelleği Sil ve Tüm Projeleri Yeniden Yapılandır",
	"cmake-tools.command.cmake.editCacheUI.title": "CMake Önbelleğini Düzenle (UI)",
	"cmake-tools.command.cmake.outline.cleanConfigure.title": "Yeniden Yapılandırmayı Temizle",
	"cmake-tools.command.cmake.outline.cleanConfigureAll.title": "Tüm Projeleri Temiz Olarak Yeniden Yapılandır",
	"cmake-tools.command.cmake.clean.title": "Temizle",
	"cmake-tools.command.cmake.cleanAll.title": "Tüm Projeleri Temizle",
	"cmake-tools.command.cmake.cleanRebuild.title": "Yeniden Derlemeyi Temizle",
	"cmake-tools.command.cmake.cleanRebuildAll.title": "Tüm Projeleri Temiz Olarak Yeniden Derle",
	"cmake-tools.command.cmake.ctest.title": "Testleri Çalıştır",
	"cmake-tools.command.cmake.ctestAll.title": "Tüm Projeler için Testleri Çalıştır",
	"cmake-tools.command.cmake.editCache.title": "CMake Önbelleğini Düzenle",
	"cmake-tools.command.cmake.quickStart.title": "Hızlı Başlangıç",
	"cmake-tools.command.cmake.debugTarget.title": "Hata Ayıkla",
	"cmake-tools.command.cmake.debugTargetAll.title": "Tüm Projelerde Hata Ayıkla",
	"cmake-tools.command.cmake.launchTarget.title": "Hata Ayıklama Olmadan Çalıştır",
	"cmake-tools.command.cmake.launchTargetAll.title": "Tüm Projeleri Hata Ayıklama Olmadan Çalıştır",
	"cmake-tools.command.cmake.selectLaunchTarget.title": "Hata Ayıklama Hedefini Ayarla",
	"cmake-tools.command.cmake.stop.title": "Derlemeyi İptal Et",
	"cmake-tools.command.cmake.stopAll.title": "Tüm Projeler için Derlemeyi İptal Et",
	"cmake-tools.command.cmake.resetState.title": "CMake Araçları Uzantısı Durumunu Sıfırla (Sorun giderme için)",
	"cmake-tools.command.cmake.selectActiveFolder.title": "Etkin Klasör Seç",
	"cmake-tools.command.cmake.outline.runUtilityTarget.title": "Yardımcı Programı Çalıştır",
	"cmake-tools.command.cmake.outline.debugTarget.title": "Hata Ayıkla",
	"cmake-tools.command.cmake.outline.launchTarget.title": "Terminal İçinde Çalıştır",
	"cmake-tools.command.cmake.outline.setDefaultTarget.title": "Derleme Hedefi Olarak Ayarla",
	"cmake-tools.command.cmake.outline.setLaunchTarget.title": "Başlatma/Hata Ayıklama Hedefi Olarak Ayarla",
	"cmake-tools.command.cmake.outline.revealInCMakeLists.title": "CMakeLists.txt dosyasını aç",
	"cmake-tools.command.cmake.folders.setActiveFolder.title": "Etkin Klasörü Ayarla",
	"cmake-tools.configuration.title": "CMake Araçları yapılandırması",
	"cmake-tools.configuration.cmake.cmakePath.description": "Kullanılacak CMake yürütülebilir dosyasının adı/yolu.",
	"cmake-tools.configuration.cmake.buildDirectory.description": "CMake derleme dosyalarının yerleştirileceği dizin.",
	"cmake-tools.configuration.cmake.installPrefix.description": "CMake yüklü dosyaların gönderileceği dizin.",
	"cmake-tools.configuration.cmake.sourceDirectory.description": "CMakeLists.txt kök dizinine/dizinlerine giden yol veya yollar dizisi.",
	"cmake-tools.configuration.cmake.saveBeforeBuild.description": "Derlemeden önce açık dosyaları kaydet.",
	"cmake-tools.configuration.cmake.buildBeforeRun.description": "Çalıştırmadan önce hedefi derleyin.",
	"cmake-tools.configuration.cmake.clearOutputBeforeBuild.description": "Her derlemeden önce derleme çıkışını temizle.",
	"cmake-tools.configuration.cmake.configureSettings.description": "Komut satırında ayarlanacak CMake değişkenleri.",
	"cmake-tools.configuration.cmake.cacheInit.string.description": "Önbellek başlatan CMake dosyasının yolu.",
	"cmake-tools.configuration.cmake.cacheInit.array.description": "Önbellek başlatıcı dosyalarının listesi.",
	"cmake-tools.configuration.cmake.cacheInit.array.string.description": "Önbellek başlatan bir CMake dosyası.",
	"cmake-tools.configuration.cmake.preferredGenerators.description": "Yapılandırma sırasında kullanılacak tercih edilen CMake oluşturucuları. (Listelendikleri sırayla denenir.)",
	"cmake-tools.configuration.cmake.generator.description": "Kullanılacak CMake oluşturucusu.",
	"cmake-tools.configuration.cmake.toolset.description": "Yapılandırma sırasında kullanılacak CMake araç takımı.",
	"cmake-tools.configuration.cmake.platform.description": "Yapılandırma sırasında kullanılacak CMake platformu.",
	"cmake-tools.configuration.cmake.configureArgs.description": "Yapılandırma sırasında CMake'e geçirilecek ek bağımsız değişkenler.",
	"cmake-tools.configuration.cmake.buildArgs.description": "Derleme sırasında CMake'e geçirilecek ek bağımsız değişkenler.",
	"cmake-tools.configuration.cmake.buildToolArgs.description": "Derleme sırasında temel alınan derleme aracına geçirilecek ek bağımsız değişkenler.",
	"cmake-tools.configuration.cmake.parallelJobs.description": "Paralel derleme işlerinin sayısı. CPU sayısını otomatik olarak algılamak için sıfır kullanın. Bunu 1 olarak ayarlamak paralel derlemeyi devre dışı bırakır.",
	"cmake-tools.configuration.cmake.ctestPath.description": "CTest yürütülebilir dosyasının yolu. Değer null ise cmake.cmakePath değerinden çıkarsanır. (null olarak bırakılması önerilir.)",
	"cmake-tools.configuration.cmake.ctest.parallelJobs.description": "Paralel test işlerinin sayısı. cmake.parallelJobs değerini kullanmak için sıfır kullanın.",
	"cmake-tools.configuration.cmake.parseBuildDiagnostics.description": "Uyarılar ve hatalar için derleyici çıkışını ayrıştır.",
	"cmake-tools.configuration.cmake.enabledOutputParsers.description": "Kullanılacak çıkış ayrıştırıcıları. Desteklenen ayrıştırıcılar: GNULD stili bağlayıcı çıkışı için `cmake`, `gcc` ve `gnuld`, Microsoft Visual C++ için `msvc`, --no_wrap_diagnostics --brief_diagnostics içeren Green Hills derleyicisi için `ghs` ve Wind River Diab derleyicisi için `diab`.",
	"cmake-tools.configuration.cmake.debugConfig.description": "Bir hedefte hata ayıklanırken kullanılacak hata ayıklama yapılandırması.",
	"cmake-tools.configuration.cmake.debugConfig.symbolSearchPath.description": "Visual Studio hata ayıklayıcısı sembolü arama yolları.",
	"cmake-tools.configuration.cmake.debugConfig.additionalSOLibSearchPath.description": ".so dosyalarının aranacağı GDB veya LLDB yolları.",
	"cmake-tools.configuration.cmake.debugConfig.externalConsole.description": "Program için bir dış konsol başlatın.",
	"cmake-tools.configuration.cmake.debugConfig.console.description": "Hata ayıklama hedefinin nerede başlatılacağını belirtir. Tanımlanmamışsa varsayılan değer `internalConsole` olur.",
	"cmake-tools.configuration.cmake.debugConfig.console.internalConsole.description": "VS Code Hata Ayıklama Konsolu'nun çıkışı. Bu, konsol girişini (ör: `std::cin` veya `scanf`) okumayı desteklemiyor.",
	"cmake-tools.configuration.cmake.debugConfig.console.integratedTerminal.description": "VS Code'un tümleşik terminali.",
	"cmake-tools.configuration.cmake.debugConfig.console.externalTerminal.description": "Konsol uygulamaları, dış terminal penceresinde başlatılır. Pencere, yeniden başlatma senaryolarında tekrar kullanılır ve uygulama çıkış yaptığında otomatik olarak kaybolmaz.",
	"cmake-tools.configuration.cmake.debugConfig.console.newExternalWindow.description": "Konsol uygulamaları, uygulama durduğunda sona erecek olan kendi dış konsol penceresinde başlatılır. Konsol dışı uygulamalar terminal olmadan çalıştırılır ve stdout/stderr yoksayılır.",
	"cmake-tools.configuration.cmake.debugConfig.logging.description": "Konsola ne tür iletilerin kaydedilmesi gerektiğini bildirin.",
	"cmake-tools.configuration.cmake.debugConfig.visualizerFile.description": "Hata ayıklanırken kullanılacak .natvis dosyası.",
	"cmake-tools.configuration.cmake.debugConfig.args.description": "Program komut satırına geçirilecek bağımsız değişkenler.",
	"cmake-tools.configuration.cmake.debugConfig.cwd.description": "Program için çalışma dizinini ayarlayın.",
	"cmake-tools.configuration.cmake.debugConfig.environment.name.description": "Ortam değişkeninin adı.",
	"cmake-tools.configuration.cmake.debugConfig.environment.value.description": "Ortam değişkeninin değeri.",
	"cmake-tools.configuration.cmake.debugConfig.miDebuggerPath.description": "GDB veya LLDB hata ayıklayıcısının yolu.",
	"cmake-tools.configuration.cmake.debugConfig.stopAtEntry.description": "Hedefin giriş noktasında durdurun.",
	"cmake-tools.configuration.cmake.debugConfig.setupCommands.description": "GDB veya LLDB'yi ayarlama komutu.",
	"cmake-tools.configuration.cmake.debugConfig.setupCommands.text.description": "Çalıştırılacak komut.",
	"cmake-tools.configuration.cmake.debugConfig.setupCommands.description.description": "Komutun açıklaması.",
	"cmake-tools.configuration.cmake.defaultVariants.buildType.description": "Derleme türü.",
	"cmake-tools.configuration.cmake.defaultVariants.buildType.debug.long": "İyileştirmeleri devre dışı bırak. Hata ayıklama bilgilerini dahil et.",
	"cmake-tools.configuration.cmake.defaultVariants.buildType.release.long": "Hız için iyileştirin. Hata ayıklama bilgilerini hariç tutun.",
	"cmake-tools.configuration.cmake.defaultVariants.buildType.minsize.long": "En küçük ikili boyutu için iyileştirin. Hata ayıklama bilgilerini hariç tutun.",
	"cmake-tools.configuration.cmake.defaultVariants.buildType.reldeb.long": "Hız için iyileştirin. Hata ayıklama bilgilerini dahil edin.",
	"cmake-tools.configuration.cmake.ctestArgs.description": "CTest'e geçirilecek bağımsız değişkenler.",
	"cmake-tools.configuration.cmake.ctestDefaultArgs.description": "Bağımsız değişkenler varsayılan olarak CTest’e geçirildi.",
	"cmake-tools.configuration.cmake.environment.description": "CMake komutlarını çalıştırırken ayarlanacak ortam değişkenleri.",
	"cmake-tools.configuration.cmake.environment.additionalProperties.description": "Ortam değişkeninin değeri.",
	"cmake-tools.configuration.cmake.configureEnvironment.description": "Yapılandırma sırasında CMake'e geçirilecek ortam değişkenleri.",
	"cmake-tools.configuration.cmake.buildEnvironment.description": "Derleme sırasında CMake'e geçirilecek ortam değişkenleri.",
	"cmake-tools.configuration.cmake.testEnvironment.description": "CTest'e geçirilecek ortam değişkenleri.",
	"cmake-tools.configuration.cmake.mingwSearchDirs.description": "MinGW'nin yüklü olabileceği dizinler.",
	"cmake-tools.configuration.cmake.searchDirs.items.description": "Dizin yolu.",
	"cmake-tools.configuration.cmake.emscriptenSearchDirs.description": "Emscripten'in yüklü olabileceği dizinler.",
	"cmake-tools.configuration.cmake.mergedCompileCommands.description": "cmake.buildDirectory içinde tüm compile_commands.json dosyalarını özyinelemeli olarak topla ve birleştir.",
	"cmake-tools.configuration.cmake.copyCompileCommands.description": "Başarılı bir yapılandırmadan sonra compile_commands.json dosyasını bu konuma kopyala.",
	"cmake-tools.configuration.cmake.configureOnOpen.description": "CMake proje dizinleri açıldığında bu dizinleri otomatik olarak yapılandır.",
	"cmake-tools.configuration.cmake.configureOnEdit.description": "cmake.sourceDirectory veya CMakeLists.txt içeriği kaydedildiğinde CMake proje dizinlerini otomatik olarak yapılandırın.",
	"cmake-tools.configuration.cmake.setBuildTypeOnMultiConfig.description": "Çok yapılandırmalı oluşturucular üzerinde de CMAKE_BUILD_TYPE ayarlayın",
	"cmake-tools.configuration.cmake.skipConfigureIfCachePresent.description": "Önbellek mevcutsa yapılandırma işlemini atlayın.",
	"cmake-tools.configuration.cmake.cmakeCommunicationMode": "Uzantı ve CMake arasında iletişim kurmak için kullanılan protokol",
	"cmake-tools.configuration.cmake.showSystemKits.description": "Sistem setlerini set seçimine ekle",
	"cmake-tools.configuration.cmake.ignoreKitEnv.description": "CMake komutlarını çalıştırırken set ortamı değişkenlerini kullanmayın.",
	"cmake-tools.configuration.cmake.buildTask.description": "İç işlem yerine tasks.json kullanarak derle.",
	"cmake-tools.configuration.cmake.outputLogEncoding.description": "Dış komutlardan (ör. cmake -- build) gelen çıkışın kodlaması.",
	"cmake-tools.configuration.cmake.enableTraceLogging.description": "Dosya ve konsolda izleme günlüğünü etkinleştirin (çok gürültülü).",
	"cmake-tools.configuration.cmake.autoSelectActiveFolder.description": "Etkin klasörü otomatik olarak seçin.",
	"cmake-tools.configuration.cmake.touchbar.visibility.description": "Uzantının, düğmeleri MacBook Touch Bar'da görüntüleme biçimini yapılandırır",
	"cmake-tools.configuration.cmake.touchbar.visibility.default.description": "Desteklenen sistemlerde Touch Bar düğmelerini göster.",
	"cmake-tools.configuration.cmake.touchbar.visibility.hidden.description": "Touch Bar düğmelerini göstermeyin.",
	"cmake-tools.configuration.cmake.statusbar.visibility.description": "Uzantının, düğmeleri durum çubuğunda görüntüleme biçimini yapılandırır.",
	"cmake-tools.configuration.cmake.statusbar.advanced.description": "Tek tek durum çubuğu düğmeleri için ayarları yapılandırır. Bu ayarlar, daha genel 'cmake.statusbar.visibility' ayarının üzerine yazar.",
	"cmake-tools.configuration.cmake.statusbar.advanced.visibility.description": "Uzantının, bu düğmeyi durum çubuğunda görüntüleme biçimini yapılandırır.",
	"cmake-tools.configuration.cmake.statusbar.advanced.ctest.color.description": "Test sonuçlarına bağlı olarak bu düğmenin renginde bir değişikliğe neden olur.",
	"cmake-tools.configuration.cmake.statusbar.advanced.length.description": "'Sıkıştırılmış' modda görünen metnin maksimum uzunluğunu yapılandırır.",
	"cmake-tools.configuration.views.cmake.folders.description": "Klasörler",
	"cmake-tools.configuration.views.cmake.outline.description": "Proje Ana Hattı",
	"cmake-tools.configuration.cmake.additionalKits.description": "Özel set dosyalarına yönelik yollar dizisi",
	"cmake-tools.configuration.cmake.revealLog.description": "Günlüğü gösterme ve çıkış kanalına odaklanma ayarlarını yapılandırır.",
	"cmake-tools.configuration.cmake.revealLog.focus.description": "Günlük görünür ve çıkış kanalı imlecin odağında olur.",
	"cmake-tools.configuration.cmake.revealLog.always.description": "Günlük görünür ancak çıkış kanalı imlecin odağında olmaz.",
	"cmake-tools.configuration.cmake.revealLog.never.description": "Günlük görünmez ve odakta olmaz.",
	"cmake-tools.configuration.cmake.exportCompileCommandsFile.description": "compile_commands.js dosyasının dışarı aktarılmasını sağlar.",
	"cmake-tools.configuration.cmake.useCMakePresets.description": "CMake yapılandırma, derleme ve test sürücüsünü yapılandırmak için CMakePresets.json kullanın. CMakePresets.json kullanılırken kitler, çeşitler ve settings.json'daki bazı ayarla yoksayılır.",
	"cmake-tools.configuration.cmake.allowCommentsInPresetsFile.description": "CMakePresets.json'daki yorumlar gibi JSON uzantılarının kullanımına izin verin. Standart olmayan JSON kullanıyorsanız, CMakePresets.json dosyanızın diğer IDE'ler tarafından veya komut satırında geçersiz sayılabileceğini lütfen unutmayın.",
	"cmake-tools.configuration.cmake.allowUnsupportedPresetsVersions.description": "CMake Araçları uzantısının şu anda desteklemediği sürümlerdeki özellikleri kullanan ön ayar dosyalarının kullanımını etkinleştirir. Bilinmeyen özellikler ve makrolar yoksayılır.",
	"cmake-tools.configuration.cmake.ignoreCMakeListsMissing.description": "`true` ise; CMakeLists.txt, çalışma alanında bulunduğunda ama kök klasörde bulunmadığında, uzantı kullanıcıdan yapılandırma için bir CMakeLists.txt dosyası seçmesini istemez.",
	"cmake-tools.configuration.cmake.launchBehavior.description": "Bir hedefi başlattığınızda başlatma terminaline ne olacağını kontrol eder.",
	"cmake-tools.taskDefinitions.properties.label.description": "Görevin adı",
	"cmake-tools.taskDefinitions.properties.command.description": "CMake komutu",
	"cmake-tools.taskDefinitions.properties.targets.description": "CMake derleme hedefleri",
	"cmake-tools.taskDefinitions.properties.preset.description": "CMake ön ayar adı. Bu, CMake komutunu temel alan bir yapılandırma, derleme veya test ön ayarıdır",
	"cmake-tools.taskDefinitions.properties.options.description": "Ek komut seçenekleri",
	"cmake-tools.taskDefinitions.properties.options.cwd.description": "Yürütülen program veya betiğin geçerli çalışma dizini. Atlanırsa Kodun geçerli çalışma alanının kökü kullanılır.",
	"cmake-tools.taskDefinitions.properties.options.environment.markdownDescription": "\"name\": \"value\" biçimindeki ortam değişkenleri.",
	"cmake-tools.taskDefinitions.properties.details.description": "Görevin ek ayrıntıları",
	"cmake-tools.configuration.cmake.launchBehavior.reuseTerminal.markdownDescriptions": "Başlatma terminali örneği yeniden kullanılır ve hedef, terminal boşta kalır kalmaz başlatılır.",
	"cmake-tools.configuration.cmake.launchBehavior.breakAndReuseTerminal.markdownDescriptions": "Başlatma terminali örneği yeniden kullanılır ve hedefi başlatmadan önce herhangi bir etkin ön plan sürecini sonlandırmak için bir kesme komutu gönderilir.",
	"cmake-tools.configuration.cmake.launchBehavior.newTerminal.markdownDescriptions": "Yeni bir terminal örneği oluşturulur ve içinde hedef başlatılır. Mevcut terminaller otomatik olarak temizlenmez.",
	"cmake-tools.configuration.cmake.loadCompileCommands.description": "Tek dosya derlemesini etkinleştirmek için uzantının compile_commands.json dosyasını okuyup okumadığını denetler."
}