{
	"cmake-tools.command.cmake.openCMakePresets.title": "開啟 CMakePresets.json",
	"cmake-tools.command.cmake.addConfigurePreset.title": "新增設定預設",
	"cmake-tools.command.cmake.addBuildPreset.title": "新增建置預設",
	"cmake-tools.command.cmake.addTestPreset.title": "新增測試預設",
	"cmake-tools.command.cmake.selectConfigurePreset.title": "選取設定預設",
	"cmake-tools.command.cmake.selectBuildPreset.title": "選取建置預設",
	"cmake-tools.command.cmake.selectTestPreset.title": "選取測試預設",
	"cmake-tools.command.cmake.viewLog.title": "開啟 CMake 工具記錄檔",
	"cmake-tools.command.cmake.logDiagnostics.title": "記錄診斷",
	"cmake-tools.command.cmake.editKits.title": "編輯使用者本機 CMake 套件",
	"cmake-tools.command.cmake.scanForKits.title": "掃描套件",
	"cmake-tools.command.cmake.scanForCompilers.title": "掃描編譯器",
	"cmake-tools.command.cmake.selectKit.title": "選取套件",
	"cmake-tools.command.cmake.setVariant.title": "選取 Variant",
	"cmake-tools.command.cmake.setVariantAll.title": "選取所有專案的變化",
	"cmake-tools.command.cmake.configure.title": "設定",
	"cmake-tools.command.cmake.configureAll.title": "設定所有專案",
	"cmake-tools.command.cmake.showConfigureCommand.title": "顯示設定命令",
	"cmake-tools.command.cmake.build.title": "建置",
	"cmake-tools.command.cmake.buildAll.title": "建置所有專案",
	"cmake-tools.command.cmake.showBuildCommand.title": "顯示組建命令",
	"cmake-tools.command.cmake.buildNamedTarget.title": "(內部) 依名稱建置目標",
	"cmake-tools.command.cmake.compileFile.title": "編譯使用中的檔案",
	"cmake-tools.command.cmake.outline.compileFile.title": "編譯檔案",
	"cmake-tools.command.cmake.install.title": "安裝",
	"cmake-tools.command.cmake.installAll.title": "安裝所有專案",
	"cmake-tools.command.cmake.buildWithTarget.title": "建置目標",
	"cmake-tools.command.cmake.setDefaultTarget.title": "設定建置目標",
	"cmake-tools.command.cmake.cleanConfigure.title": "刪除快取並重新設定",
	"cmake-tools.command.cmake.cleanConfigureAll.title": "刪除快取並重新設定所有專案",
	"cmake-tools.command.cmake.editCacheUI.title": "編輯 CMake 快取 (UI)",
	"cmake-tools.command.cmake.outline.cleanConfigure.title": "清除重新設定",
	"cmake-tools.command.cmake.outline.cleanConfigureAll.title": "清除 [重新設定所有專案]",
	"cmake-tools.command.cmake.clean.title": "清除",
	"cmake-tools.command.cmake.cleanAll.title": "清除所有專案",
	"cmake-tools.command.cmake.cleanRebuild.title": "清除重建",
	"cmake-tools.command.cmake.cleanRebuildAll.title": "清除 [重建所有專案]",
	"cmake-tools.command.cmake.ctest.title": "執行測試",
	"cmake-tools.command.cmake.ctestAll.title": "執行所有專案的測試",
	"cmake-tools.command.cmake.editCache.title": "編輯 CMake 快取",
	"cmake-tools.command.cmake.quickStart.title": "快速入門",
	"cmake-tools.command.cmake.debugTarget.title": "偵錯",
	"cmake-tools.command.cmake.debugTargetAll.title": "偵錯所有專案",
	"cmake-tools.command.cmake.launchTarget.title": "執行但不進行偵錯",
	"cmake-tools.command.cmake.launchTargetAll.title": "執行所有專案但不進行偵錯",
	"cmake-tools.command.cmake.selectLaunchTarget.title": "設定偵錯目標",
	"cmake-tools.command.cmake.stop.title": "取消建置",
	"cmake-tools.command.cmake.stopAll.title": "取消所有專案的組建",
	"cmake-tools.command.cmake.resetState.title": "重設 CMake 工具延伸模組狀態 (進行疑難排解)",
	"cmake-tools.command.cmake.selectActiveFolder.title": "選取作用中的資料夾",
	"cmake-tools.command.cmake.outline.runUtilityTarget.title": "執行公用程式",
	"cmake-tools.command.cmake.outline.debugTarget.title": "偵錯",
	"cmake-tools.command.cmake.outline.launchTarget.title": "在終端機中執行",
	"cmake-tools.command.cmake.outline.setDefaultTarget.title": "設定為建置目標",
	"cmake-tools.command.cmake.outline.setLaunchTarget.title": "設定為啟動/偵錯目標",
	"cmake-tools.command.cmake.outline.revealInCMakeLists.title": "開啟 CMakeLists.txt",
	"cmake-tools.command.cmake.folders.setActiveFolder.title": "設定作用中的資料夾",
	"cmake-tools.configuration.title": "CMake 工具組態",
	"cmake-tools.configuration.cmake.cmakePath.description": "要使用的 CMake 可執行檔名稱/路徑。",
	"cmake-tools.configuration.cmake.buildDirectory.description": "接收 CMake 建置檔案的目錄。",
	"cmake-tools.configuration.cmake.installPrefix.description": "接收 CMake 已安裝檔案的目錄。",
	"cmake-tools.configuration.cmake.sourceDirectory.description": "一或多個 CMakeLists.txt 根目錄的路徑或路徑陣列。",
	"cmake-tools.configuration.cmake.saveBeforeBuild.description": "先儲存開啟的檔案，然後再建置。",
	"cmake-tools.configuration.cmake.buildBeforeRun.description": "先建置目標再予以執行。",
	"cmake-tools.configuration.cmake.clearOutputBeforeBuild.description": "每次建置前先清除建置輸出。",
	"cmake-tools.configuration.cmake.configureSettings.description": "要在命令列上設定的 CMake 變數。",
	"cmake-tools.configuration.cmake.cacheInit.string.description": "初始化快取 CMake 檔案的路徑。",
	"cmake-tools.configuration.cmake.cacheInit.array.description": "快取初始設定式檔案的清單。",
	"cmake-tools.configuration.cmake.cacheInit.array.string.description": "初始化 CMake 檔案的快取。",
	"cmake-tools.configuration.cmake.preferredGenerators.description": "進行組態時要使用的慣用 CMake 產生器 (以清單順序嘗試)。",
	"cmake-tools.configuration.cmake.generator.description": "要使用的 CMake 產生器。",
	"cmake-tools.configuration.cmake.toolset.description": "進行組態時要使用的 CMake 工具組。",
	"cmake-tools.configuration.cmake.platform.description": "進行組態時要使用的 CMake 平台。",
	"cmake-tools.configuration.cmake.configureArgs.description": "進行組態時會傳遞到 CMake 的其他引數。",
	"cmake-tools.configuration.cmake.buildArgs.description": "建置時會傳遞到 CMake 的其他引數。",
	"cmake-tools.configuration.cmake.buildToolArgs.description": "建置時會傳遞到基礎建置工具的其他引數。",
	"cmake-tools.configuration.cmake.parallelJobs.description": "平行建置工作的數目。使用零自動偵測 CPU 數目。將此設定為 1 將會停用建置平行處理原則。",
	"cmake-tools.configuration.cmake.ctestPath.description": "CTest 可執行檔的路徑。若為 null，將會從 cmake.cmakePath 推斷 (建議保留 null)。",
	"cmake-tools.configuration.cmake.ctest.parallelJobs.description": "平行測試作業的數目。使用零就會使用 cmake.parallelJobs 的值。",
	"cmake-tools.configuration.cmake.parseBuildDiagnostics.description": "剖析警告與錯誤的編譯器輸出。",
	"cmake-tools.configuration.cmake.enabledOutputParsers.description": "要使用的輸出剖析器。支援的剖析器為 `cmake`、`gcc`、`gnuld` (若為 GNULD 樣式的連結器輸出)、`msvc` (若為 Microsoft Visual C++)、`ghs` (若為具有 --no_wrap_diagnostics --brief_diagnostics 的 Green Hills 編譯器) 及 `diab` (若為 Wind River Diab 編譯器)。",
	"cmake-tools.configuration.cmake.debugConfig.description": "偵錯目標時，要使用的偵錯組態。",
	"cmake-tools.configuration.cmake.debugConfig.symbolSearchPath.description": "Visual Studio 偵錯工具符號搜尋路徑。",
	"cmake-tools.configuration.cmake.debugConfig.additionalSOLibSearchPath.description": "要搜尋是否有 .so 檔案的 GDB 或 LLDB 路徑。",
	"cmake-tools.configuration.cmake.debugConfig.externalConsole.description": "為程式啟動外部主控台。",
	"cmake-tools.configuration.cmake.debugConfig.console.description": "要在何處啟動偵錯目標。如果未定義，則預設為 `internalConsole`。",
	"cmake-tools.configuration.cmake.debugConfig.console.internalConsole.description": "輸出到 VS Code 偵錯主控台。這不支援讀取主控台輸入 (例如: `std::cin` 或 `scanf`)。",
	"cmake-tools.configuration.cmake.debugConfig.console.integratedTerminal.description": "VS Code 的整合式終端機。",
	"cmake-tools.configuration.cmake.debugConfig.console.externalTerminal.description": "主控台應用程式將會在外部終端視窗中啟動。此視窗將在重新啟動情節中重複使用，且在應用程式結束時不會自動消失。",
	"cmake-tools.configuration.cmake.debugConfig.console.newExternalWindow.description": "主控台應用程式將會在其本身的外部主控台視窗中啟動，該視窗會在應用程式停止時結束。非主控台應用程式將在沒有終端的情況下執行，而且將忽略 stdout/stderr。",
	"cmake-tools.configuration.cmake.debugConfig.logging.description": "判斷應記錄到主控台的訊息類型。",
	"cmake-tools.configuration.cmake.debugConfig.visualizerFile.description": "偵錯時要使用的 .natvis 檔案。",
	"cmake-tools.configuration.cmake.debugConfig.args.description": "傳遞到程式命令列的引數。",
	"cmake-tools.configuration.cmake.debugConfig.cwd.description": "設定程式的工作目錄。",
	"cmake-tools.configuration.cmake.debugConfig.environment.name.description": "環境變數的名稱。",
	"cmake-tools.configuration.cmake.debugConfig.environment.value.description": "環境變數的值。",
	"cmake-tools.configuration.cmake.debugConfig.miDebuggerPath.description": "gdb 或 lldb 偵錯工具的路徑。",
	"cmake-tools.configuration.cmake.debugConfig.stopAtEntry.description": "在目標的進入點停止。",
	"cmake-tools.configuration.cmake.debugConfig.setupCommands.description": "用於設定 gdb 或 lldb 的命令。",
	"cmake-tools.configuration.cmake.debugConfig.setupCommands.text.description": "要執行的命令。",
	"cmake-tools.configuration.cmake.debugConfig.setupCommands.description.description": "命令的描述。",
	"cmake-tools.configuration.cmake.defaultVariants.buildType.description": "組建類型。",
	"cmake-tools.configuration.cmake.defaultVariants.buildType.debug.long": "停用最佳化 - 包含偵錯資訊。",
	"cmake-tools.configuration.cmake.defaultVariants.buildType.release.long": "最佳化速度 - 排除偵錯資訊。",
	"cmake-tools.configuration.cmake.defaultVariants.buildType.minsize.long": "為了讓二進位檔大小最小而最佳化 - 排除偵錯資訊。",
	"cmake-tools.configuration.cmake.defaultVariants.buildType.reldeb.long": "最佳化速度 - 包含偵錯資訊。",
	"cmake-tools.configuration.cmake.ctestArgs.description": "傳遞到 CTest 的引數。",
	"cmake-tools.configuration.cmake.ctestDefaultArgs.description": "預設傳遞給 CTest 的引數。",
	"cmake-tools.configuration.cmake.environment.description": "執行 CMake 命令時，要設定的環境變數。",
	"cmake-tools.configuration.cmake.environment.additionalProperties.description": "環境變數的值。",
	"cmake-tools.configuration.cmake.configureEnvironment.description": "進行組態期間會傳遞到 CMake 的環境變數。",
	"cmake-tools.configuration.cmake.buildEnvironment.description": "建置期間會傳遞到 CMake 的環境變數。",
	"cmake-tools.configuration.cmake.testEnvironment.description": "會傳遞到 CTest 的環境變數。",
	"cmake-tools.configuration.cmake.mingwSearchDirs.description": "安裝 MinGW 的目錄。",
	"cmake-tools.configuration.cmake.searchDirs.items.description": "目錄路徑。",
	"cmake-tools.configuration.cmake.emscriptenSearchDirs.description": "安裝 Emscripten 的目錄。",
	"cmake-tools.configuration.cmake.mergedCompileCommands.description": "遞迴收集及合併 cmake.buildDirectory 中找到的所有compile_commands.js。",
	"cmake-tools.configuration.cmake.copyCompileCommands.description": "組態成功之後，將 compile_commands.json 複製到此位置。",
	"cmake-tools.configuration.cmake.configureOnOpen.description": "開啟 CMake 專案目錄時自動進行組態。",
	"cmake-tools.configuration.cmake.configureOnEdit.description": "在儲存 cmake.sourceDirectory 或 CMakeLists.txt 內容後，自動設定 CMake 專案目錄。",
	"cmake-tools.configuration.cmake.setBuildTypeOnMultiConfig.description": "也在多個組態產生器上設定 CMAKE_BUILD_TYPE",
	"cmake-tools.configuration.cmake.skipConfigureIfCachePresent.description": "如果有快取，則跳過設定流程。",
	"cmake-tools.configuration.cmake.cmakeCommunicationMode": "用於在延伸模組與 CMake 之間通訊的通訊協定",
	"cmake-tools.configuration.cmake.showSystemKits.description": "在套件選取範圍中包含系統套件",
	"cmake-tools.configuration.cmake.ignoreKitEnv.description": "執行 CMake 命令時，不使用套件環境變數。",
	"cmake-tools.configuration.cmake.buildTask.description": "使用 tasks.json 而非內部處理序的組建。",
	"cmake-tools.configuration.cmake.outputLogEncoding.description": "外部命令輸出的編譯 (例如 cmake -- build)。",
	"cmake-tools.configuration.cmake.enableTraceLogging.description": "為檔案及主控台啟用追蹤記錄 (雜訊非常多)。",
	"cmake-tools.configuration.cmake.autoSelectActiveFolder.description": "自動選取使用中的資料夾。",
	"cmake-tools.configuration.cmake.touchbar.visibility.description": "設定延伸模組在 MacBook 觸控列上顯示按鈕的方式",
	"cmake-tools.configuration.cmake.touchbar.visibility.default.description": "在支援的系統上顯示觸控列按鈕。",
	"cmake-tools.configuration.cmake.touchbar.visibility.hidden.description": "不顯示觸控列按鈕。",
	"cmake-tools.configuration.cmake.statusbar.visibility.description": "設定延伸模組在狀態列中顯示按鈕的方式。",
	"cmake-tools.configuration.cmake.statusbar.advanced.description": "進行個別狀態列按鈕的設定。這些設定會覆寫更一般性的 'cmake.statusbar.visibility' 設定。",
	"cmake-tools.configuration.cmake.statusbar.advanced.visibility.description": "設定延伸模組在狀態列中顯示此按鈕的方式。",
	"cmake-tools.configuration.cmake.statusbar.advanced.ctest.color.description": "允許根據測試結果變更此按鈕的色彩。",
	"cmake-tools.configuration.cmake.statusbar.advanced.length.description": "在「精簡」模式中設定顯示文字的最大長度。",
	"cmake-tools.configuration.views.cmake.folders.description": "資料夾",
	"cmake-tools.configuration.views.cmake.outline.description": "專案大綱",
	"cmake-tools.configuration.cmake.additionalKits.description": "自訂套件檔案的路徑陣列",
	"cmake-tools.configuration.cmake.revealLog.description": "設定顯示記錄與專注於輸出通道的設定。",
	"cmake-tools.configuration.cmake.revealLog.focus.description": "記錄已顯示，且輸出通道取得游標焦點。",
	"cmake-tools.configuration.cmake.revealLog.always.description": "記錄已顯示，但輸出通道未取得游標焦點。",
	"cmake-tools.configuration.cmake.revealLog.never.description": "記錄沒有顯示，也無法取得焦點。",
	"cmake-tools.configuration.cmake.exportCompileCommandsFile.description": "啟用匯出 compile_commands.json。",
	"cmake-tools.configuration.cmake.useCMakePresets.description": "使用 CMakePresets.json 來設定 CMake 設定、建置和測試的磁碟機。使用 CMakePresets.json 時，settings.json 中的套件、變體和某些設定會被忽略。",
	"cmake-tools.configuration.cmake.allowCommentsInPresetsFile.description": "允許使用 JSON 延伸模組，例如 CMakePresets.json 中的註解。請注意，如果您使用非標準的 JSON，其他 IDE 或命令列可能會將您的 CMakePresets.json 檔案視為無效。",
	"cmake-tools.configuration.cmake.allowUnsupportedPresetsVersions.description": "啟用使用來自 CMake Tools 延伸模組目前不支援之功能的預設檔案。將忽略未知的屬性和巨集。",
	"cmake-tools.configuration.cmake.ignoreCMakeListsMissing.description": "如果為 `true`，當工作區中找到某個檔案但卻不在根資料夾中時，延伸就不會要求使用者選取要設定的 CMakeLists.txt 檔案。",
	"cmake-tools.configuration.cmake.launchBehavior.description": "控制啟動終端機在您啟動目標時要執行的動作。",
	"cmake-tools.taskDefinitions.properties.label.description": "工作的名稱",
	"cmake-tools.taskDefinitions.properties.command.description": "CMake 命令",
	"cmake-tools.taskDefinitions.properties.targets.description": "CMake 組建目標",
	"cmake-tools.taskDefinitions.properties.preset.description": "CMake 預設名稱。這是根據 CMake 命令的設定、組建或測試預設",
	"cmake-tools.taskDefinitions.properties.options.description": "其他命令選項",
	"cmake-tools.taskDefinitions.properties.options.cwd.description": "所執行程式或指令碼的目前工作目錄。如果省略，則會使用 Code 的目前工作區根目錄。",
	"cmake-tools.taskDefinitions.properties.options.environment.markdownDescription": "環境變數的格式為 \"name\": \"value\"。",
	"cmake-tools.taskDefinitions.properties.details.description": "工作的其他詳細資料",
	"cmake-tools.configuration.cmake.launchBehavior.reuseTerminal.markdownDescriptions": "已重複使用啟動終端機執行個體，當終端機閒置時，目標就會立即啟動。",
	"cmake-tools.configuration.cmake.launchBehavior.breakAndReuseTerminal.markdownDescriptions": "已重複使用啟動終端機執行個體，並在啟動目標之前傳送 `break` 命令以終止任何使用中的前景進程。",
	"cmake-tools.configuration.cmake.launchBehavior.newTerminal.markdownDescriptions": "已建立新的終端機執行個體，並在其中啟動目標。不會自動清除現有的終端機。",
	"cmake-tools.configuration.cmake.loadCompileCommands.description": "控制延伸模組是否要讀取 compile_commands.json 以啟用單一檔案編譯。"
}