{
	"cmake-tools.command.cmake.openCMakePresets.title": "Открытие файла CMakePresets.json",
	"cmake-tools.command.cmake.addConfigurePreset.title": "Добавление предустановки конфигурации",
	"cmake-tools.command.cmake.addBuildPreset.title": "Добавление предустановки сборки",
	"cmake-tools.command.cmake.addTestPreset.title": "Добавление предустановки теста",
	"cmake-tools.command.cmake.selectConfigurePreset.title": "Выбор предустановки конфигурации",
	"cmake-tools.command.cmake.selectBuildPreset.title": "Выбор предустановки сборки",
	"cmake-tools.command.cmake.selectTestPreset.title": "Выбор предустановки тестирования",
	"cmake-tools.command.cmake.viewLog.title": "Открытие файла журнала средств CMake",
	"cmake-tools.command.cmake.logDiagnostics.title": "Журнал диагностики",
	"cmake-tools.command.cmake.editKits.title": "Изменение локальных пользовательских пакетов CMake",
	"cmake-tools.command.cmake.scanForKits.title": "Поиск наборов",
	"cmake-tools.command.cmake.scanForCompilers.title": "Поиск компиляторов",
	"cmake-tools.command.cmake.selectKit.title": "Выберите набор",
	"cmake-tools.command.cmake.setVariant.title": "Выбор варианта",
	"cmake-tools.command.cmake.setVariantAll.title": "Выбор варианта для всех проектов",
	"cmake-tools.command.cmake.configure.title": "Настроить",
	"cmake-tools.command.cmake.configureAll.title": "Настройка всех проектов",
	"cmake-tools.command.cmake.showConfigureCommand.title": "Отображение команды настройки",
	"cmake-tools.command.cmake.build.title": "Сборка",
	"cmake-tools.command.cmake.buildAll.title": "Сборка всех проектов",
	"cmake-tools.command.cmake.showBuildCommand.title": "Отображение команды сборки",
	"cmake-tools.command.cmake.buildNamedTarget.title": "(Внутренняя функция.) Сборка целевого объекта по имени",
	"cmake-tools.command.cmake.compileFile.title": "Компиляция активного файла",
	"cmake-tools.command.cmake.outline.compileFile.title": "Компилировать файл",
	"cmake-tools.command.cmake.install.title": "Установить",
	"cmake-tools.command.cmake.installAll.title": "Установка всех проектов",
	"cmake-tools.command.cmake.buildWithTarget.title": "Целевой объект сборки",
	"cmake-tools.command.cmake.setDefaultTarget.title": "Задание целевого объекта сборки",
	"cmake-tools.command.cmake.cleanConfigure.title": "Удаление кэша и перенастройка",
	"cmake-tools.command.cmake.cleanConfigureAll.title": "Удаление кэша и перенастройка всех проектов",
	"cmake-tools.command.cmake.editCacheUI.title": "Изменение кэша CMake (пользовательский интерфейс)",
	"cmake-tools.command.cmake.outline.cleanConfigure.title": "Перенастройка с очисткой",
	"cmake-tools.command.cmake.outline.cleanConfigureAll.title": "Очистка и повторная настройка всех проектов",
	"cmake-tools.command.cmake.clean.title": "Очистить",
	"cmake-tools.command.cmake.cleanAll.title": "Очистка всех проектов",
	"cmake-tools.command.cmake.cleanRebuild.title": "Повторная сборка с очисткой",
	"cmake-tools.command.cmake.cleanRebuildAll.title": "Очистка и повторная сборка всех проектов",
	"cmake-tools.command.cmake.ctest.title": "Запустить тесты",
	"cmake-tools.command.cmake.ctestAll.title": "Запуск тестов для всех проектов",
	"cmake-tools.command.cmake.editCache.title": "Изменение кэша CMake",
	"cmake-tools.command.cmake.quickStart.title": "Краткое руководство",
	"cmake-tools.command.cmake.debugTarget.title": "Отладить",
	"cmake-tools.command.cmake.debugTargetAll.title": "Отладка всех проектов",
	"cmake-tools.command.cmake.launchTarget.title": "Запуск без отладки",
	"cmake-tools.command.cmake.launchTargetAll.title": "Выполнение всех проектов без отладки",
	"cmake-tools.command.cmake.selectLaunchTarget.title": "Задание целевого объекта отладки",
	"cmake-tools.command.cmake.stop.title": "Отменить сборку",
	"cmake-tools.command.cmake.stopAll.title": "Отмена сборки для всех проектов",
	"cmake-tools.command.cmake.resetState.title": "Сброс состояния расширения средств CMake (для устранения неполадок)",
	"cmake-tools.command.cmake.selectActiveFolder.title": "Выбор активной папки",
	"cmake-tools.command.cmake.outline.runUtilityTarget.title": "Запуск служебной программы",
	"cmake-tools.command.cmake.outline.debugTarget.title": "Отладить",
	"cmake-tools.command.cmake.outline.launchTarget.title": "Запуск в терминале",
	"cmake-tools.command.cmake.outline.setDefaultTarget.title": "Задание как целевого объекта сборки",
	"cmake-tools.command.cmake.outline.setLaunchTarget.title": "Задание как целевого объекта запуска/отладки",
	"cmake-tools.command.cmake.outline.revealInCMakeLists.title": "Открыть файл CMakeLists.txt",
	"cmake-tools.command.cmake.folders.setActiveFolder.title": "Установка активной папки",
	"cmake-tools.configuration.title": "Конфигурация Средств CMake",
	"cmake-tools.configuration.cmake.cmakePath.description": "Имя используемого исполняемого файла CMake и путь к нему.",
	"cmake-tools.configuration.cmake.buildDirectory.description": "Каталог, в который помещаются файлы сборки CMake.",
	"cmake-tools.configuration.cmake.installPrefix.description": "Каталог, в котором будут размещены установленные файлы CMake.",
	"cmake-tools.configuration.cmake.sourceDirectory.description": "Путь или массив путей к корневому каталогу или корневым каталогам CMakeLists.txt.",
	"cmake-tools.configuration.cmake.saveBeforeBuild.description": "Сохранение открытых файлов перед сборкой.",
	"cmake-tools.configuration.cmake.buildBeforeRun.description": "Создайте целевой объект перед его запуском.",
	"cmake-tools.configuration.cmake.clearOutputBeforeBuild.description": "Очистка выходных данных сборки перед каждой сборкой.",
	"cmake-tools.configuration.cmake.configureSettings.description": "Переменные CMake, задаваемые в командной строке.",
	"cmake-tools.configuration.cmake.cacheInit.string.description": "Путь к файлу CMake для инициализации кэша.",
	"cmake-tools.configuration.cmake.cacheInit.array.description": "Список файлов инициализатора кэша.",
	"cmake-tools.configuration.cmake.cacheInit.array.string.description": "Файл CMake для инициализации кэша.",
	"cmake-tools.configuration.cmake.preferredGenerators.description": "Предпочтительные генераторы CMake для использования при настройке (вызываются в очередности по списку).",
	"cmake-tools.configuration.cmake.generator.description": "Используемый генератор CMake.",
	"cmake-tools.configuration.cmake.toolset.description": "Набор инструментов CMake, используемый при настройке.",
	"cmake-tools.configuration.cmake.platform.description": "Платформа CMake для использования при настройке.",
	"cmake-tools.configuration.cmake.configureArgs.description": "Дополнительные аргументы для передачи CMake при настройке.",
	"cmake-tools.configuration.cmake.buildArgs.description": "Дополнительные аргументы для передачи CMake при сборке.",
	"cmake-tools.configuration.cmake.buildToolArgs.description": "Дополнительные аргументы для передачи инструменту сборки при сборке.",
	"cmake-tools.configuration.cmake.parallelJobs.description": "Количество параллельных заданий сборки. Установите значение 0, чтобы автоматически определить количество ЦП. Если установить значение 1, параллельные сборки будут отключены.",
	"cmake-tools.configuration.cmake.ctestPath.description": "Путь к исполняемому файлу CTest. Если он равен NULL, значение будет выводиться из cmake.cmakePath (рекомендуется оставить NULL).",
	"cmake-tools.configuration.cmake.ctest.parallelJobs.description": "Число параллельных тестовых заданий. Укажите нуль, чтобы использовать значение cmake.parallelJobs.",
	"cmake-tools.configuration.cmake.parseBuildDiagnostics.description": "Анализ вывода компилятора на наличие предупреждений и ошибок.",
	"cmake-tools.configuration.cmake.enabledOutputParsers.description": "Используемые средства синтаксического анализа выходных данных. Поддерживаются \"cmake\", \"gcc\", \"gnuld\" для выходных данных компоновщика в стиле GNULD, \"msvc\" для Microsoft Visual C++, \"ghs\" для компилятора Green Hills с параметрами --no_wrap_diagnostics --brief_diagnostics, а также \"diab\" для компилятора Wind River Diab.",
	"cmake-tools.configuration.cmake.debugConfig.description": "Конфигурация, используемая при отладке целевого объекта.",
	"cmake-tools.configuration.cmake.debugConfig.symbolSearchPath.description": "Пути для поиска символов отладчика Visual Studio.",
	"cmake-tools.configuration.cmake.debugConfig.additionalSOLibSearchPath.description": "Пути для поиска файлов SO для отладчиков GDB или LLDB.",
	"cmake-tools.configuration.cmake.debugConfig.externalConsole.description": "Запуск внешней консоли для программы.",
	"cmake-tools.configuration.cmake.debugConfig.console.description": "Место запуска целевого объекта отладки. Если не указано, по умолчанию используется \"internalConsole\".",
	"cmake-tools.configuration.cmake.debugConfig.console.internalConsole.description": "Вывод в консоль отладки VS Code. Не поддерживает чтение входных данных консоли (например: \"std::cin\" или \"scanf\").",
	"cmake-tools.configuration.cmake.debugConfig.console.integratedTerminal.description": "Интегрированный терминал VS Code.",
	"cmake-tools.configuration.cmake.debugConfig.console.externalTerminal.description": "Консольные приложения будут запускаться во внешнем окне терминала. Окно будет использовано снова при повторном запуске и не будет закрываться автоматически при выходе из приложения.",
	"cmake-tools.configuration.cmake.debugConfig.console.newExternalWindow.description": "Консольные приложения будут запускаться в собственном внешнем окне консоли, которое будет закрываться при остановке приложения. Приложения, не являющиеся консольными, будут запускаться без терминала, и stdout/stderr будет игнорироваться.",
	"cmake-tools.configuration.cmake.debugConfig.logging.description": "Типы сообщений, регистрируемых в консоли.",
	"cmake-tools.configuration.cmake.debugConfig.visualizerFile.description": "Файл NATVIS, используемый при отладке.",
	"cmake-tools.configuration.cmake.debugConfig.args.description": "Аргументы для передачи в командную строку программы.",
	"cmake-tools.configuration.cmake.debugConfig.cwd.description": "Задание рабочей папки для программы.",
	"cmake-tools.configuration.cmake.debugConfig.environment.name.description": "Имя переменной среды.",
	"cmake-tools.configuration.cmake.debugConfig.environment.value.description": "Значение переменной среды.",
	"cmake-tools.configuration.cmake.debugConfig.miDebuggerPath.description": "Путь к отладчику GDB или LLDB.",
	"cmake-tools.configuration.cmake.debugConfig.stopAtEntry.description": "Остановка в точке входа целевого объекта.",
	"cmake-tools.configuration.cmake.debugConfig.setupCommands.description": "Команда для настройки GDB или LLDB.",
	"cmake-tools.configuration.cmake.debugConfig.setupCommands.text.description": "Команда для запуска.",
	"cmake-tools.configuration.cmake.debugConfig.setupCommands.description.description": "Описание команды.",
	"cmake-tools.configuration.cmake.defaultVariants.buildType.description": "Тип сборки.",
	"cmake-tools.configuration.cmake.defaultVariants.buildType.debug.long": "Отключение оптимизации — включение отладочных данных.",
	"cmake-tools.configuration.cmake.defaultVariants.buildType.release.long": "Оптимизация для быстродействия — исключение отладочных данных.",
	"cmake-tools.configuration.cmake.defaultVariants.buildType.minsize.long": "Оптимизация для наименьшего размера двоичного файла — исключение отладочных данных.",
	"cmake-tools.configuration.cmake.defaultVariants.buildType.reldeb.long": "Оптимизация для быстродействия — включение отладочных данных.",
	"cmake-tools.configuration.cmake.ctestArgs.description": "Аргументы для передачи в CTest.",
	"cmake-tools.configuration.cmake.ctestDefaultArgs.description": "Аргументы, передаваемые по умолчанию в CTest.",
	"cmake-tools.configuration.cmake.environment.description": "Переменные сред, задаваемые при выполнении команд CMake.",
	"cmake-tools.configuration.cmake.environment.additionalProperties.description": "Значение переменной среды.",
	"cmake-tools.configuration.cmake.configureEnvironment.description": "Переменные сред для передачи CMake при настройке.",
	"cmake-tools.configuration.cmake.buildEnvironment.description": "Переменные сред, передаваемые в CMake при сборке.",
	"cmake-tools.configuration.cmake.testEnvironment.description": "Переменные сред для передачи в CTest.",
	"cmake-tools.configuration.cmake.mingwSearchDirs.description": "Каталоги, где возможна установка MinGW.",
	"cmake-tools.configuration.cmake.searchDirs.items.description": "Путь к каталогу.",
	"cmake-tools.configuration.cmake.emscriptenSearchDirs.description": "Каталоги, где возможна установка Emscripten.",
	"cmake-tools.configuration.cmake.mergedCompileCommands.description": "Рекурсивный сбор и объединение всех compile_commands.json, найденных в cmake.buildDirectory.",
	"cmake-tools.configuration.cmake.copyCompileCommands.description": "Копирование сюда файла compile_commands.json после выполнения настройки.",
	"cmake-tools.configuration.cmake.configureOnOpen.description": "Автоматическая настройка каталогов проекта CMake при их открытии.",
	"cmake-tools.configuration.cmake.configureOnEdit.description": "Автоматически настраивать каталоги проекта CMake при сохранении содержимого в каталоге cmake.sourceDirectory или в файле CMakeLists.txt.",
	"cmake-tools.configuration.cmake.setBuildTypeOnMultiConfig.description": "Задание CMAKE_BUILD_TYPE также для генераторов с несколькими конфигурациями.",
	"cmake-tools.configuration.cmake.skipConfigureIfCachePresent.description": "Пропустить процесс настройки при наличии кэша.",
	"cmake-tools.configuration.cmake.cmakeCommunicationMode": "Протокол, используемый для взаимодействия между расширением и CMake",
	"cmake-tools.configuration.cmake.showSystemKits.description": "Включить системные комплекты в выбор комплекта",
	"cmake-tools.configuration.cmake.ignoreKitEnv.description": "Отключение использования переменных среды при выполнении команд CMake.",
	"cmake-tools.configuration.cmake.buildTask.description": "Сборка с помощью tasks.json вместо внутреннего процесса.",
	"cmake-tools.configuration.cmake.outputLogEncoding.description": "Кодирование выходных данных из внешних команд (например, cmake --build).",
	"cmake-tools.configuration.cmake.enableTraceLogging.description": "Включение ведения журнала трассировки в файле и в консоли (большое число сообщений).",
	"cmake-tools.configuration.cmake.autoSelectActiveFolder.description": "Автоматический выбор активной папки.",
	"cmake-tools.configuration.cmake.touchbar.visibility.description": "Настраивает отображение кнопок расширения в панели Touch Bar на MacBook.",
	"cmake-tools.configuration.cmake.touchbar.visibility.default.description": "Отображение кнопок панели Touch Bar на поддерживаемых системах.",
	"cmake-tools.configuration.cmake.touchbar.visibility.hidden.description": "Кнопки панели Touch Bar отображаться не будут.",
	"cmake-tools.configuration.cmake.statusbar.visibility.description": "Определяет, как расширение отображает кнопки в строке состояния.",
	"cmake-tools.configuration.cmake.statusbar.advanced.description": "Настраивает параметры для отдельных кнопок строки состояния. Эти параметры перезаписывают более общий параметр \"cmake.statusbar.visibility\".",
	"cmake-tools.configuration.cmake.statusbar.advanced.visibility.description": "Определяет, как расширение отображает эту кнопку в строке состояния.",
	"cmake-tools.configuration.cmake.statusbar.advanced.ctest.color.description": "Позволяет изменять цвет этой кнопки в зависимости от результатов теста.",
	"cmake-tools.configuration.cmake.statusbar.advanced.length.description": "Настраивает максимальную длину видимого текста в \"компактном\" режиме.",
	"cmake-tools.configuration.views.cmake.folders.description": "Папки",
	"cmake-tools.configuration.views.cmake.outline.description": "Структура проекта",
	"cmake-tools.configuration.cmake.additionalKits.description": "Массив путей к файлам пользовательских наборов",
	"cmake-tools.configuration.cmake.revealLog.description": "Настраивает параметры отображения журнала и фокусировки на выходном канале.",
	"cmake-tools.configuration.cmake.revealLog.focus.description": "Журнал отображается и выходной канал фокусируется курсором.",
	"cmake-tools.configuration.cmake.revealLog.always.description": "Журнал отображается, но выходной канал не фокусируется курсором.",
	"cmake-tools.configuration.cmake.revealLog.never.description": "Журнал не отображается и не фокусируется.",
	"cmake-tools.configuration.cmake.exportCompileCommandsFile.description": "Включает exporting compile_commands.json.",
	"cmake-tools.configuration.cmake.useCMakePresets.description": "Используйте CMakePresets.json для настройки конфигурации, сборки и тестирования CMake диска. При использовании CMakePresets.json наборы, варианты и некоторые параметры в settings.json будут пропущены.",
	"cmake-tools.configuration.cmake.allowCommentsInPresetsFile.description": "Разрешить использование расширений JSON, таких как комментарии, в CMakePresets.json. Обратите внимание, что файл CMakePresets.json может считаться недействительным в других IDE или в командной строке, если вы используете нестандартный JSON.",
	"cmake-tools.configuration.cmake.allowUnsupportedPresetsVersions.description": "Позволяет использовать предустановленные файлы, использующие функции из версий, которые сейчас не поддерживаются расширением CMake Tools. Неизвестные свойства и макросы будут игнорироваться.",
	"cmake-tools.configuration.cmake.ignoreCMakeListsMissing.description": "Если установлено значение \"true\", расширение не будет просить пользователя выбрать файл CMakeLists.txt для конфигурации, если такой файл обнаружен в рабочей области, но не в корневой папке.",
	"cmake-tools.configuration.cmake.launchBehavior.description": "Управляет тем, что происходит с терминалом запуска при запуске целевого объекта.",
	"cmake-tools.taskDefinitions.properties.label.description": "Имя задачи",
	"cmake-tools.taskDefinitions.properties.command.description": "Команда CMake",
	"cmake-tools.taskDefinitions.properties.targets.description": "Цели сборки CMake",
	"cmake-tools.taskDefinitions.properties.preset.description": "Имя предустановки CMake. Это предустановка конфигурации, сборки или проверки, основанная на команде CMake.",
	"cmake-tools.taskDefinitions.properties.options.description": "Дополнительные параметры команды",
	"cmake-tools.taskDefinitions.properties.options.cwd.description": "Текущий рабочий каталог выполняемой программы или сценария. Если этот параметр опущен, используется корневой каталог текущей рабочей области Code.",
	"cmake-tools.taskDefinitions.properties.options.environment.markdownDescription": "Переменные среды в формате \"name\": \"value\".",
	"cmake-tools.taskDefinitions.properties.details.description": "Дополнительные сведения о задаче",
	"cmake-tools.configuration.cmake.launchBehavior.reuseTerminal.markdownDescriptions": "Экземпляр терминала запуска используется повторно, а целевой объект запустится сразу после перехода терминала в режим простоя.",
	"cmake-tools.configuration.cmake.launchBehavior.breakAndReuseTerminal.markdownDescriptions": "Экземпляр терминала запуска используется повторно, и в терминал отправляется команда \"break\" перед запуском целевого объекта, чтобы завершить все активные процессы переднего плана.",
	"cmake-tools.configuration.cmake.launchBehavior.newTerminal.markdownDescriptions": "Создан новый экземпляр терминала, в котором запущен целевой объект. Существующие терминалы не очищаются автоматически.",
	"cmake-tools.configuration.cmake.loadCompileCommands.description": "Управляет чтением расширения compile_commands.json, чтобы включить компиляцию одного файла."
}