{
	"cmake-tools.command.cmake.openCMakePresets.title": "Aprire CMakePresets.json",
	"cmake-tools.command.cmake.addConfigurePreset.title": "Aggiungere Set di impostazioni di configurazione",
	"cmake-tools.command.cmake.addBuildPreset.title": "Aggiungere set di impostazioni di compilazione",
	"cmake-tools.command.cmake.addTestPreset.title": "Aggiungere set di impostazioni di test",
	"cmake-tools.command.cmake.selectConfigurePreset.title": "Selezionare Set di impostazioni di configurazione",
	"cmake-tools.command.cmake.selectBuildPreset.title": "Selezionare Set di impostazioni di compilazione",
	"cmake-tools.command.cmake.selectTestPreset.title": "Selezionare Set di impostazioni di test",
	"cmake-tools.command.cmake.viewLog.title": "Apri il file di log di CMake Tools",
	"cmake-tools.command.cmake.logDiagnostics.title": "Registra diagnostica",
	"cmake-tools.command.cmake.editKits.title": "Modifica i kit CMake locali dell'utente",
	"cmake-tools.command.cmake.scanForKits.title": "Cerca kit",
	"cmake-tools.command.cmake.scanForCompilers.title": "Analisi compilatori",
	"cmake-tools.command.cmake.selectKit.title": "Seleziona un kit",
	"cmake-tools.command.cmake.setVariant.title": "Seleziona la variante",
	"cmake-tools.command.cmake.setVariantAll.title": "Seleziona la variante per tutti i progetti",
	"cmake-tools.command.cmake.configure.title": "Configura",
	"cmake-tools.command.cmake.configureAll.title": "Configura tutti i progetti",
	"cmake-tools.command.cmake.showConfigureCommand.title": "Visualizza comando di configurazione",
	"cmake-tools.command.cmake.build.title": "Compila",
	"cmake-tools.command.cmake.buildAll.title": "Compila tutti i progetti",
	"cmake-tools.command.cmake.showBuildCommand.title": "Visualizza comando di compilazione",
	"cmake-tools.command.cmake.buildNamedTarget.title": "(Interno) Compila una destinazione in base al nome",
	"cmake-tools.command.cmake.compileFile.title": "Compila il file attivo",
	"cmake-tools.command.cmake.outline.compileFile.title": "Compila file",
	"cmake-tools.command.cmake.install.title": "Installa",
	"cmake-tools.command.cmake.installAll.title": "Installa tutti i progetti",
	"cmake-tools.command.cmake.buildWithTarget.title": "Destinazione di compilazione",
	"cmake-tools.command.cmake.setDefaultTarget.title": "Imposta la destinazione di compilazione",
	"cmake-tools.command.cmake.cleanConfigure.title": "Elimina la cache e riconfigura",
	"cmake-tools.command.cmake.cleanConfigureAll.title": "Elimina la cache e riconfigura tutti i progetti",
	"cmake-tools.command.cmake.editCacheUI.title": "Modifica la cache di CMake (interfaccia utente)",
	"cmake-tools.command.cmake.outline.cleanConfigure.title": "Riconfigurazione pulita",
	"cmake-tools.command.cmake.outline.cleanConfigureAll.title": "Esegui riconfigurazione pulita di tutti i progetti",
	"cmake-tools.command.cmake.clean.title": "Pulisci",
	"cmake-tools.command.cmake.cleanAll.title": "Pulisci tutti i progetti",
	"cmake-tools.command.cmake.cleanRebuild.title": "Ricompilazione pulita",
	"cmake-tools.command.cmake.cleanRebuildAll.title": "Esegui ricompilazione pulita di tutti i progetti",
	"cmake-tools.command.cmake.ctest.title": "Esegui test",
	"cmake-tools.command.cmake.ctestAll.title": "Esegui test per tutti i progetti",
	"cmake-tools.command.cmake.editCache.title": "Modifica la cache di CMake",
	"cmake-tools.command.cmake.quickStart.title": "Avvio rapido",
	"cmake-tools.command.cmake.debugTarget.title": "Debug",
	"cmake-tools.command.cmake.debugTargetAll.title": "Esegui debug di tutti i progetti",
	"cmake-tools.command.cmake.launchTarget.title": "Esegui senza debug",
	"cmake-tools.command.cmake.launchTargetAll.title": "Esegui tutti i progetti senza eseguire il debug",
	"cmake-tools.command.cmake.selectLaunchTarget.title": "Imposta la destinazione di debug",
	"cmake-tools.command.cmake.stop.title": "Annulla compilazione",
	"cmake-tools.command.cmake.stopAll.title": "Annulla la compilazione per tutti i progetti",
	"cmake-tools.command.cmake.resetState.title": "Reimposta lo stato dell'estensione di CMake Tools (per la risoluzione dei problemi)",
	"cmake-tools.command.cmake.selectActiveFolder.title": "Seleziona la cartella attiva",
	"cmake-tools.command.cmake.outline.runUtilityTarget.title": "Esegui l'utilità",
	"cmake-tools.command.cmake.outline.debugTarget.title": "Debug",
	"cmake-tools.command.cmake.outline.launchTarget.title": "Esegui nel terminale",
	"cmake-tools.command.cmake.outline.setDefaultTarget.title": "Imposta come destinazione di compilazione",
	"cmake-tools.command.cmake.outline.setLaunchTarget.title": "Imposta come destinazione di avvio/debug",
	"cmake-tools.command.cmake.outline.revealInCMakeLists.title": "Apri CMakeLists.txt",
	"cmake-tools.command.cmake.folders.setActiveFolder.title": "Imposta la cartella attiva",
	"cmake-tools.configuration.title": "Configurazione di CMake Tools",
	"cmake-tools.configuration.cmake.cmakePath.description": "Nome/Percorso dell'eseguibile di CMake da usare.",
	"cmake-tools.configuration.cmake.buildDirectory.description": "Directory di destinazione dei file di compilazione di CMake.",
	"cmake-tools.configuration.cmake.installPrefix.description": "Directory di destinazione dei file di installazione di CMake.",
	"cmake-tools.configuration.cmake.sourceDirectory.description": "Il percorso o la matrice dei percorsi delle directory radice CMakeLists.txt.",
	"cmake-tools.configuration.cmake.saveBeforeBuild.description": "Salva i file aperti prima della compilazione.",
	"cmake-tools.configuration.cmake.buildBeforeRun.description": "Compila la destinazione prima di eseguirla.",
	"cmake-tools.configuration.cmake.clearOutputBeforeBuild.description": "Cancella l'output di compilazione prima di ogni compilazione.",
	"cmake-tools.configuration.cmake.configureSettings.description": "Variabili di CMake da impostare sulla riga di comando.",
	"cmake-tools.configuration.cmake.cacheInit.string.description": "Percorso di un file CMake di inizializzazione della cache.",
	"cmake-tools.configuration.cmake.cacheInit.array.description": "Elenco dei file dell'inizializzatore della cache.",
	"cmake-tools.configuration.cmake.cacheInit.array.string.description": "File CMake di inizializzazione della cache.",
	"cmake-tools.configuration.cmake.preferredGenerators.description": "Generatore o generatori CMake preferiti da usare durante la configurazione (provata in ordine di elenco).",
	"cmake-tools.configuration.cmake.generator.description": "Generatore CMake da usare.",
	"cmake-tools.configuration.cmake.toolset.description": "Set di strumenti di CMake da usare durante la configurazione.",
	"cmake-tools.configuration.cmake.platform.description": "Piattaforma CMake da usare durante la configurazione.",
	"cmake-tools.configuration.cmake.configureArgs.description": "Argomenti aggiuntivi da passare a CMake durante la configurazione.",
	"cmake-tools.configuration.cmake.buildArgs.description": "Argomenti aggiuntivi da passare a CMake durante la compilazione.",
	"cmake-tools.configuration.cmake.buildToolArgs.description": "Argomenti aggiuntivi da passare allo strumento di compilazione sottostante durante la compilazione.",
	"cmake-tools.configuration.cmake.parallelJobs.description": "Numero di processi di compilazione paralleli. Usare zero per rilevare automaticamente il numero di CPU. L'impostazione su 1 disabiliterà il parallelismo di compilazione.",
	"cmake-tools.configuration.cmake.ctestPath.description": "Percorso dell'eseguibile di CTest. Se è Null, verrà dedotto da cmake.cmakePath (è consigliabile lasciare Null).",
	"cmake-tools.configuration.cmake.ctest.parallelJobs.description": "Numero di processi di test in parallelo. Specificare zero per usare il valore di cmake.parallelJobs.",
	"cmake-tools.configuration.cmake.parseBuildDiagnostics.description": "Analizza l'output del compilatore per individuare avvisi ed errori.",
	"cmake-tools.configuration.cmake.enabledOutputParsers.description": "Parser di output da usare. Analizzatori supportati: `cmake`, `gcc`, `gnuld` per l'output del linker di tipo GNULD, `msvc` per Microsoft Visual C++, `ghs` per il compilatore Green Hills con --no_wrap_diagnostics --brief_diagnostics e `diab` per il compilatore Wind River Diab.",
	"cmake-tools.configuration.cmake.debugConfig.description": "Configurazione di debug da usare quando si esegue il debug di una destinazione.",
	"cmake-tools.configuration.cmake.debugConfig.symbolSearchPath.description": "Percorsi di ricerca simboli del debugger di Visual Studio.",
	"cmake-tools.configuration.cmake.debugConfig.additionalSOLibSearchPath.description": "Percorsi in cui GDB o LLDB cercano file con estensione so.",
	"cmake-tools.configuration.cmake.debugConfig.externalConsole.description": "Avvia una console esterna per il programma.",
	"cmake-tools.configuration.cmake.debugConfig.console.description": "Indica dove avviare la destinazione di debug. Se non è specificata, l'impostazione predefinita è `internalConsole`.",
	"cmake-tools.configuration.cmake.debugConfig.console.internalConsole.description": "Invia l'output alla Console di debug di Visual Studio Code. Non supporta la lettura dell'input della console, ad esempio `std::cin` o `scanf`.",
	"cmake-tools.configuration.cmake.debugConfig.console.integratedTerminal.description": "Terminale integrato di Visual Studio Code.",
	"cmake-tools.configuration.cmake.debugConfig.console.externalTerminal.description": "Le applicazioni della console verranno avviate in una finestra del terminale esterna. La finestra verrà riutilizzata in scenari di riavvio e non scomparirà automaticamente alla chiusura dell'applicazione.",
	"cmake-tools.configuration.cmake.debugConfig.console.newExternalWindow.description": "Le applicazioni della console verranno avviate nella finestra della console esterna, che verrà terminata alla chiusura dell'applicazione. Le applicazioni non della console vengono eseguite senza un terminale e stdout/stderr verrà ignorato.",
	"cmake-tools.configuration.cmake.debugConfig.logging.description": "Indica i tipi di messaggi da registrare nella console.",
	"cmake-tools.configuration.cmake.debugConfig.visualizerFile.description": "File con estensione natvis da usare durante il debug.",
	"cmake-tools.configuration.cmake.debugConfig.args.description": "Argomenti da passare alla riga di comando del programma.",
	"cmake-tools.configuration.cmake.debugConfig.cwd.description": "Imposta la directory di lavoro per il programma.",
	"cmake-tools.configuration.cmake.debugConfig.environment.name.description": "Nome della variabile di ambiente.",
	"cmake-tools.configuration.cmake.debugConfig.environment.value.description": "Valore della variabile di ambiente.",
	"cmake-tools.configuration.cmake.debugConfig.miDebuggerPath.description": "Percorso del debugger GDB o LLDB.",
	"cmake-tools.configuration.cmake.debugConfig.stopAtEntry.description": "Arresta in corrispondenza del punto di ingresso della destinazione.",
	"cmake-tools.configuration.cmake.debugConfig.setupCommands.description": "Comando per configurare GDB o LLDB.",
	"cmake-tools.configuration.cmake.debugConfig.setupCommands.text.description": "Comando da eseguire.",
	"cmake-tools.configuration.cmake.debugConfig.setupCommands.description.description": "Descrizione del comando.",
	"cmake-tools.configuration.cmake.defaultVariants.buildType.description": "Tipo di compilazione.",
	"cmake-tools.configuration.cmake.defaultVariants.buildType.debug.long": "Disabilita le ottimizzazioni - include le informazioni di debug.",
	"cmake-tools.configuration.cmake.defaultVariants.buildType.release.long": "Ottimizza per la velocità - esclude le informazioni di debug.",
	"cmake-tools.configuration.cmake.defaultVariants.buildType.minsize.long": "Ottimizza per ridurre le dimensioni del file binario - esclude le informazioni di debug.",
	"cmake-tools.configuration.cmake.defaultVariants.buildType.reldeb.long": "Ottimizza per la velocità - include le informazioni di debug.",
	"cmake-tools.configuration.cmake.ctestArgs.description": "Argomenti da passare a CTest.",
	"cmake-tools.configuration.cmake.ctestDefaultArgs.description": "Argomenti passati per impostazione predefinita a CTest.",
	"cmake-tools.configuration.cmake.environment.description": "Variabili di ambiente da impostare durante l'esecuzione dei comandi di CMake.",
	"cmake-tools.configuration.cmake.environment.additionalProperties.description": "Valore della variabile di ambiente.",
	"cmake-tools.configuration.cmake.configureEnvironment.description": "Variabili di ambiente da passare a CMake durante la configurazione.",
	"cmake-tools.configuration.cmake.buildEnvironment.description": "Variabili di ambiente da passare a CMake durante la compilazione.",
	"cmake-tools.configuration.cmake.testEnvironment.description": "Variabili di ambiente da passare a CTest.",
	"cmake-tools.configuration.cmake.mingwSearchDirs.description": "Directory in cui è possibile installare MinGW.",
	"cmake-tools.configuration.cmake.searchDirs.items.description": "Percorso di una directory.",
	"cmake-tools.configuration.cmake.emscriptenSearchDirs.description": "Directory in cui è possibile installare Emscripten.",
	"cmake-tools.configuration.cmake.mergedCompileCommands.description": "È possibile raccogliere e unire in modo ricorsivo tutti i file compile_commands.json disponibili in cmake.buildDirectory.",
	"cmake-tools.configuration.cmake.copyCompileCommands.description": "Copia compile_commands.json in questa posizione dopo una configurazione riuscita.",
	"cmake-tools.configuration.cmake.configureOnOpen.description": "Configura automaticamente le directory di progetto di CMake quando vengono aperte.",
	"cmake-tools.configuration.cmake.configureOnEdit.description": "Configura automaticamente le directory del progetto CMake quando si salva cmake.sourceDirectory o il contenuto di CMakeLists.txt.",
	"cmake-tools.configuration.cmake.setBuildTypeOnMultiConfig.description": "Imposta CMAKE_BUILD_TYPE anche su generatori di configurazione multipla",
	"cmake-tools.configuration.cmake.skipConfigureIfCachePresent.description": "Ignora il processo di configurazione se la cache è presente.",
	"cmake-tools.configuration.cmake.cmakeCommunicationMode": "Protocollo usato per le comunicazioni tra l'estensione e CMake",
	"cmake-tools.configuration.cmake.showSystemKits.description": "Consente di includere kit di sistema nella selezione del kit",
	"cmake-tools.configuration.cmake.ignoreKitEnv.description": "Non usa le variabili di ambiente del kit durante l'esecuzione dei comandi di CMake.",
	"cmake-tools.configuration.cmake.buildTask.description": "Compila con tasks.json anziché il processo interno.",
	"cmake-tools.configuration.cmake.outputLogEncoding.description": "Codifica dell'output di comandi esterni (ad esempio cmake -- build).",
	"cmake-tools.configuration.cmake.enableTraceLogging.description": "Abilita la registrazione traccia in file e console (molto disturbata).",
	"cmake-tools.configuration.cmake.autoSelectActiveFolder.description": "Seleziona automaticamente la cartella attiva.",
	"cmake-tools.configuration.cmake.touchbar.visibility.description": "Configura il modo in cui l'estensione visualizza i pulsanti su una Touch Bar del MacBook",
	"cmake-tools.configuration.cmake.touchbar.visibility.default.description": "Mostra i pulsanti della Touch Bar sui sistemi supportati.",
	"cmake-tools.configuration.cmake.touchbar.visibility.hidden.description": "Non visualizza i pulsanti della Touch Bar.",
	"cmake-tools.configuration.cmake.statusbar.visibility.description": "Configura il modo in cui l'estensione visualizza i pulsanti nella barra di stato.",
	"cmake-tools.configuration.cmake.statusbar.advanced.description": "Configura le impostazioni per i singoli pulsanti della barra di stato. Queste impostazioni sovrascrivono l'impostazione più generale 'cmake.statusbar.visibility'.",
	"cmake-tools.configuration.cmake.statusbar.advanced.visibility.description": "Configura il modo in cui l'estensione visualizza questo pulsante nella barra di stato.",
	"cmake-tools.configuration.cmake.statusbar.advanced.ctest.color.description": "Abilita una modifica del colore per questo pulsante a seconda dei risultati del test.",
	"cmake-tools.configuration.cmake.statusbar.advanced.length.description": "Configura la lunghezza massima del testo visibile in modalità 'compact'.",
	"cmake-tools.configuration.views.cmake.folders.description": "Cartelle",
	"cmake-tools.configuration.views.cmake.outline.description": "Struttura del progetto",
	"cmake-tools.configuration.cmake.additionalKits.description": "Matrice di percorsi dei file di kit personalizzati",
	"cmake-tools.configuration.cmake.revealLog.description": "Configura le impostazioni per la visualizzazione del log e attivare lo stato del canale di output.",
	"cmake-tools.configuration.cmake.revealLog.focus.description": "Il log viene visualizzato e il canale di output assume lo stato attivo del cursore.",
	"cmake-tools.configuration.cmake.revealLog.always.description": "Il log viene visualizzato, ma il canale di output non assume lo stato attivo del cursore.",
	"cmake-tools.configuration.cmake.revealLog.never.description": "Il log non viene visualizzato né assume lo stato attivo.",
	"cmake-tools.configuration.cmake.exportCompileCommandsFile.description": "Consente l'esportazione di compile_commands.json.",
	"cmake-tools.configuration.cmake.useCMakePresets.description": "Usare CMakePresets.json per configurare l’unità CMake di configurazione, compilazione e test. Quando si usa CMakePresets.json alcuni kit, varianti e impostazioni in settings.json verranno ignorati.",
	"cmake-tools.configuration.cmake.allowCommentsInPresetsFile.description": "Consente l'uso di estensioni JSON come i commenti in CMakePresets.json. Si noti che il file CMakePresets.json potrebbe essere considerato non valido da altri IDE o dalla riga di comando se si usa JSON non standard.",
	"cmake-tools.configuration.cmake.allowUnsupportedPresetsVersions.description": "Consente di usare file di set di impostazioni che usano funzionalità delle versioni attualmente non supportate dall'estensione CMake Tools. Le proprietà e le macro sconosciute verranno ignorate.",
	"cmake-tools.configuration.cmake.ignoreCMakeListsMissing.description": "Se è `true`, l'estensione non richiederà all'utente di selezionare un file CMakeLists.txt per la configurazione quando ne viene trovato uno nell'area di lavoro ma non nella cartella radice.",
	"cmake-tools.configuration.cmake.launchBehavior.description": "Controlla cosa accade al terminale di avvio quando si avvia una destinazione.",
	"cmake-tools.taskDefinitions.properties.label.description": "Nome dell'attività",
	"cmake-tools.taskDefinitions.properties.command.description": "Comando di CMake",
	"cmake-tools.taskDefinitions.properties.targets.description": "Destinazioni di compilazione CMake",
	"cmake-tools.taskDefinitions.properties.preset.description": "Nome del set di impostazioni di CMake. Si tratta di un set di impostazioni di configurazione, compilazione o test basato sul comando CMake",
	"cmake-tools.taskDefinitions.properties.options.description": "Opzioni dei comandi aggiuntive",
	"cmake-tools.taskDefinitions.properties.options.cwd.description": "Directory di lavoro corrente del programma o dello script eseguito. Se omesso, viene usata la radice dell'area di lavoro corrente di Visual Studio Code.",
	"cmake-tools.taskDefinitions.properties.options.environment.markdownDescription": "Variabili di ambiente nel formato \"name\": \"value\".",
	"cmake-tools.taskDefinitions.properties.details.description": "Dettagli aggiuntivi dell'attività",
	"cmake-tools.configuration.cmake.launchBehavior.reuseTerminal.markdownDescriptions": "L'istanza del terminale di avvio viene riutilizzata e la destinazione verrà avviata non appena il terminale è inattivo.",
	"cmake-tools.configuration.cmake.launchBehavior.breakAndReuseTerminal.markdownDescriptions": "L'istanza del terminale di avvio viene riutilizzata e viene inviato un comando di interruzione per terminare qualsiasi processo in primo piano attivo prima di avviare la destinazione.",
	"cmake-tools.configuration.cmake.launchBehavior.newTerminal.markdownDescriptions": "Viene creata una nuova istanza del terminale in cui viene avviata la destinazione. I terminali esistenti non vengono puliti automaticamente.",
	"cmake-tools.configuration.cmake.loadCompileCommands.description": "Controlla se l'estensione legge compile_commands.json per abilitare la compilazione di file singoli."
}