{
	"cmake-tools.command.cmake.openCMakePresets.title": "打开 CMakepresets.json",
	"cmake-tools.command.cmake.addConfigurePreset.title": "添加配置预设",
	"cmake-tools.command.cmake.addBuildPreset.title": "添加生成预设",
	"cmake-tools.command.cmake.addTestPreset.title": "添加测试预设",
	"cmake-tools.command.cmake.selectConfigurePreset.title": "选择“配置预设”",
	"cmake-tools.command.cmake.selectBuildPreset.title": "选择“生成预设”",
	"cmake-tools.command.cmake.selectTestPreset.title": "选择“测试预设”",
	"cmake-tools.command.cmake.viewLog.title": "打开 CMake Tools 日志文件",
	"cmake-tools.command.cmake.logDiagnostics.title": "日志诊断",
	"cmake-tools.command.cmake.editKits.title": "编辑用户本地 CMake 工具包",
	"cmake-tools.command.cmake.scanForKits.title": "扫描工具包",
	"cmake-tools.command.cmake.scanForCompilers.title": "扫描编译器",
	"cmake-tools.command.cmake.selectKit.title": "选择工具包",
	"cmake-tools.command.cmake.setVariant.title": "选择变量",
	"cmake-tools.command.cmake.setVariantAll.title": "为所有项目选择变量",
	"cmake-tools.command.cmake.configure.title": "配置",
	"cmake-tools.command.cmake.configureAll.title": "配置所有项目",
	"cmake-tools.command.cmake.showConfigureCommand.title": "显示配置命令",
	"cmake-tools.command.cmake.build.title": "生成",
	"cmake-tools.command.cmake.buildAll.title": "生成所有项目",
	"cmake-tools.command.cmake.showBuildCommand.title": "显示生成命令",
	"cmake-tools.command.cmake.buildNamedTarget.title": "(内部)按名称生成目标",
	"cmake-tools.command.cmake.compileFile.title": "编译活动文件",
	"cmake-tools.command.cmake.outline.compileFile.title": "编译文件",
	"cmake-tools.command.cmake.install.title": "安装",
	"cmake-tools.command.cmake.installAll.title": "安装所有项目",
	"cmake-tools.command.cmake.buildWithTarget.title": "生成目标",
	"cmake-tools.command.cmake.setDefaultTarget.title": "设置生成目标",
	"cmake-tools.command.cmake.cleanConfigure.title": "删除缓存并重新配置",
	"cmake-tools.command.cmake.cleanConfigureAll.title": "删除缓存并重新配置所有项目",
	"cmake-tools.command.cmake.editCacheUI.title": "编辑 CMake 缓存(UI)",
	"cmake-tools.command.cmake.outline.cleanConfigure.title": "清理重新配置",
	"cmake-tools.command.cmake.outline.cleanConfigureAll.title": "清理所有项目的重新配置",
	"cmake-tools.command.cmake.clean.title": "清理",
	"cmake-tools.command.cmake.cleanAll.title": "清理所有项目",
	"cmake-tools.command.cmake.cleanRebuild.title": "清理重新生成",
	"cmake-tools.command.cmake.cleanRebuildAll.title": "清理所有项目的重新生成",
	"cmake-tools.command.cmake.ctest.title": "运行测试",
	"cmake-tools.command.cmake.ctestAll.title": "为所有项目运行测试",
	"cmake-tools.command.cmake.editCache.title": "编辑 CMake 缓存",
	"cmake-tools.command.cmake.quickStart.title": "快速入门",
	"cmake-tools.command.cmake.debugTarget.title": "调试",
	"cmake-tools.command.cmake.debugTargetAll.title": "调试所有项目",
	"cmake-tools.command.cmake.launchTarget.title": "运行但不调试",
	"cmake-tools.command.cmake.launchTargetAll.title": "运行所有项目但不调试",
	"cmake-tools.command.cmake.selectLaunchTarget.title": "设置调试目标",
	"cmake-tools.command.cmake.stop.title": "取消生成",
	"cmake-tools.command.cmake.stopAll.title": "取消所有项目的生成",
	"cmake-tools.command.cmake.resetState.title": "重置 CMake Tools 扩展状态(用于故障排除)",
	"cmake-tools.command.cmake.selectActiveFolder.title": "选择活动文件夹",
	"cmake-tools.command.cmake.outline.runUtilityTarget.title": "运行实用工具",
	"cmake-tools.command.cmake.outline.debugTarget.title": "调试",
	"cmake-tools.command.cmake.outline.launchTarget.title": "在终端中运行",
	"cmake-tools.command.cmake.outline.setDefaultTarget.title": "设置为生成目标",
	"cmake-tools.command.cmake.outline.setLaunchTarget.title": "设置为启动/调试目标",
	"cmake-tools.command.cmake.outline.revealInCMakeLists.title": "打开 CMakeLists.txt",
	"cmake-tools.command.cmake.folders.setActiveFolder.title": "设置活动文件夹",
	"cmake-tools.configuration.title": "CMake 工具配置",
	"cmake-tools.configuration.cmake.cmakePath.description": "要使用的 CMake 可执行文件的名称/路径。",
	"cmake-tools.configuration.cmake.buildDirectory.description": "CMake 生成文件将转到其中的目录。",
	"cmake-tools.configuration.cmake.installPrefix.description": "CMake 安装文件将转到其中的目录。",
	"cmake-tools.configuration.cmake.sourceDirectory.description": "指向 CMakeLists.txt 根目录/目录的路径或路径数组。",
	"cmake-tools.configuration.cmake.saveBeforeBuild.description": "在生成前保存打开的文件。",
	"cmake-tools.configuration.cmake.buildBeforeRun.description": "请先生成目标然后再运行目标。",
	"cmake-tools.configuration.cmake.clearOutputBeforeBuild.description": "在每次生成前清除生成输出。",
	"cmake-tools.configuration.cmake.configureSettings.description": "要在命令行上设置的 CMake 变量。",
	"cmake-tools.configuration.cmake.cacheInit.string.description": "缓存初始化 CMake 文件的路径。",
	"cmake-tools.configuration.cmake.cacheInit.array.description": "缓存初始值设定项文件的列表。",
	"cmake-tools.configuration.cmake.cacheInit.array.string.description": "缓存初始化 CMake 文件。",
	"cmake-tools.configuration.cmake.preferredGenerators.description": "要在配置时使用的首选 CMake 生成器(按列表中的顺序尝试)。",
	"cmake-tools.configuration.cmake.generator.description": "要使用的 CMake 生成器。",
	"cmake-tools.configuration.cmake.toolset.description": "要在配置时使用的 CMake 工具集。",
	"cmake-tools.configuration.cmake.platform.description": "要在配置时使用的 CMake 平台。",
	"cmake-tools.configuration.cmake.configureArgs.description": "要在配置时传递给 CMake 的其他参数。",
	"cmake-tools.configuration.cmake.buildArgs.description": "要在生成时传递给 CMake 的其他参数。",
	"cmake-tools.configuration.cmake.buildToolArgs.description": "要在生成时传递给基础生成工具的其他参数。",
	"cmake-tools.configuration.cmake.parallelJobs.description": "并行生成作业的数目。使用零来自动检测 CPU 数。将此值设为 1 则将禁用生成并行度。",
	"cmake-tools.configuration.cmake.ctestPath.description": "CTest 可执行文件的路径。如果为 null，则从 cmake.cmakePath 推理(建议保留为 null)。",
	"cmake-tools.configuration.cmake.ctest.parallelJobs.description": "并行测试作业的数量。使用零即可利用 cmake.parallelJobs 的值。",
	"cmake-tools.configuration.cmake.parseBuildDiagnostics.description": "分析编译器输出以查找警告和错误。",
	"cmake-tools.configuration.cmake.enabledOutputParsers.description": "要使用的输出分析程序。支持的分析程序 `cmake`、`gcc`、`gnuld`(适用于 GNULD 样式的 inker 输出)、`msvc`(适用于 Microsoft Visual C++)、`ghs`(适用于 Green Hills 编译器，具有 --no_wrap_diagnostics --brief_diagnostics)，以及 `diab`(适用于 Wind River Diab 编译器)。",
	"cmake-tools.configuration.cmake.debugConfig.description": "要在调试目标时使用的调试配置。",
	"cmake-tools.configuration.cmake.debugConfig.symbolSearchPath.description": "Visual Studio 调试程序符号搜索路径。",
	"cmake-tools.configuration.cmake.debugConfig.additionalSOLibSearchPath.description": "用于搜索 .so 文件的 GDB 或 LLDB 的路径。",
	"cmake-tools.configuration.cmake.debugConfig.externalConsole.description": "启动程序的外部控制台。",
	"cmake-tools.configuration.cmake.debugConfig.console.description": "启动调试目标的位置。如果未定义，则默认为 `internalConsole`。",
	"cmake-tools.configuration.cmake.debugConfig.console.internalConsole.description": "输出到 VS Code 调试控制台。这不支持读取控制台输入(例如:`std::cin` 或 `scanf`)。",
	"cmake-tools.configuration.cmake.debugConfig.console.integratedTerminal.description": "VS Code 的集成终端。",
	"cmake-tools.configuration.cmake.debugConfig.console.externalTerminal.description": "控制台应用程序将在外部终端窗口中启动。该窗口将在重新启动方案中重复使用，并且在应用程序退出时不会自动消失。",
	"cmake-tools.configuration.cmake.debugConfig.console.newExternalWindow.description": "控制台应用程序将在自身的外部控制台窗口中启动，该窗口将在应用程序停止时结束。非控制台应用程序将在没有终端的情况下运行，并且 stdout/stderr 将被忽略。",
	"cmake-tools.configuration.cmake.debugConfig.logging.description": "告知应将哪些类型的消息记录到控制台。",
	"cmake-tools.configuration.cmake.debugConfig.visualizerFile.description": "调试时要使用的 .natvis 文件。",
	"cmake-tools.configuration.cmake.debugConfig.args.description": "要传递给程序命令行的参数。",
	"cmake-tools.configuration.cmake.debugConfig.cwd.description": "设置程序的工作目录。",
	"cmake-tools.configuration.cmake.debugConfig.environment.name.description": "环境变量的名称。",
	"cmake-tools.configuration.cmake.debugConfig.environment.value.description": "环境变量的值。",
	"cmake-tools.configuration.cmake.debugConfig.miDebuggerPath.description": "gdb 或 lldb 调试程序的路径。",
	"cmake-tools.configuration.cmake.debugConfig.stopAtEntry.description": "在目标的入口点处停止",
	"cmake-tools.configuration.cmake.debugConfig.setupCommands.description": "用于设置 gdb 或 lldb 的命令。",
	"cmake-tools.configuration.cmake.debugConfig.setupCommands.text.description": "要运行的命令。",
	"cmake-tools.configuration.cmake.debugConfig.setupCommands.description.description": "命令的说明。",
	"cmake-tools.configuration.cmake.defaultVariants.buildType.description": "生成类型。",
	"cmake-tools.configuration.cmake.defaultVariants.buildType.debug.long": "禁用优化 - 包括调试信息。",
	"cmake-tools.configuration.cmake.defaultVariants.buildType.release.long": "进行优化，提高速度 - 排除调试信息。",
	"cmake-tools.configuration.cmake.defaultVariants.buildType.minsize.long": "优化最小二进制大小 - 排除调试信息。",
	"cmake-tools.configuration.cmake.defaultVariants.buildType.reldeb.long": "进行优化，提高速度 - 包括调试信息。",
	"cmake-tools.configuration.cmake.ctestArgs.description": "要传递给 CTest 的参数。",
	"cmake-tools.configuration.cmake.ctestDefaultArgs.description": "默认情况下传递给 CTest 的参数。",
	"cmake-tools.configuration.cmake.environment.description": "要在运行 CMake 命令时设置的环境变量。",
	"cmake-tools.configuration.cmake.environment.additionalProperties.description": "环境变量的值。",
	"cmake-tools.configuration.cmake.configureEnvironment.description": "要在配置过程中传递给 CMake 的环境变量。",
	"cmake-tools.configuration.cmake.buildEnvironment.description": "要在生成过程中传递给 CMake 的环境变量。",
	"cmake-tools.configuration.cmake.testEnvironment.description": "要传递给 CTest 的环境变量。",
	"cmake-tools.configuration.cmake.mingwSearchDirs.description": "可在其中安装 MinGW 的目录。",
	"cmake-tools.configuration.cmake.searchDirs.items.description": "目录路径。",
	"cmake-tools.configuration.cmake.emscriptenSearchDirs.description": "可在其中安装 Emscripten 的目录。",
	"cmake-tools.configuration.cmake.mergedCompileCommands.description": "以递归方式收集和合并在 cmake.buildDirectory 中找到的所有compile_commands.json。",
	"cmake-tools.configuration.cmake.copyCompileCommands.description": "成功配置后将 compile_commands.json 复制到此位置。",
	"cmake-tools.configuration.cmake.configureOnOpen.description": "在 CMake 项目目录打开时自动对其进行配置。",
	"cmake-tools.configuration.cmake.configureOnEdit.description": "保存 cmake.sourceDirectory 或 CMakeLists.txt 内容时，自动配置 CMake 项目目录。",
	"cmake-tools.configuration.cmake.setBuildTypeOnMultiConfig.description": "在多配置生成器上也设置 CMAKE_BUILD_TYPE",
	"cmake-tools.configuration.cmake.skipConfigureIfCachePresent.description": "如果存在缓存，则跳过配置进程。",
	"cmake-tools.configuration.cmake.cmakeCommunicationMode": "用于在扩展和 CMake 之间进行通信的协议",
	"cmake-tools.configuration.cmake.showSystemKits.description": "在工具包选择中包括系统工具包",
	"cmake-tools.configuration.cmake.ignoreKitEnv.description": "运行 CMake 命令时，请勿使用工具包环境变量。",
	"cmake-tools.configuration.cmake.buildTask.description": "使用 tasks.json 生成，而非使用内部进程。",
	"cmake-tools.configuration.cmake.outputLogEncoding.description": "来自外部命令的输出的编码(例如 cmake -- build)。",
	"cmake-tools.configuration.cmake.enableTraceLogging.description": "对文件和控制台启用跟踪日志记录(噪音很大)。",
	"cmake-tools.configuration.cmake.autoSelectActiveFolder.description": "自动选择活动文件夹。",
	"cmake-tools.configuration.cmake.touchbar.visibility.description": "配置扩展在 MacBook 触控栏上显示按钮的方式",
	"cmake-tools.configuration.cmake.touchbar.visibility.default.description": "在支持的系统上显示触控栏按钮。",
	"cmake-tools.configuration.cmake.touchbar.visibility.hidden.description": "不显示触控栏按钮。",
	"cmake-tools.configuration.cmake.statusbar.visibility.description": "配置扩展在状态栏中显示按钮的方式。",
	"cmake-tools.configuration.cmake.statusbar.advanced.description": "配置各个状态栏按钮的设置。这些设置将覆盖更常规的 \"cmake.statusbar.visibility\" 设置。",
	"cmake-tools.configuration.cmake.statusbar.advanced.visibility.description": "配置扩展在状态栏中显示此按钮的方式。",
	"cmake-tools.configuration.cmake.statusbar.advanced.ctest.color.description": "根据测试结果启用此按钮的颜色更改。",
	"cmake-tools.configuration.cmake.statusbar.advanced.length.description": "配置可见文本在在“紧凑”模式下的最大长度。",
	"cmake-tools.configuration.views.cmake.folders.description": "文件夹",
	"cmake-tools.configuration.views.cmake.outline.description": "项目大纲",
	"cmake-tools.configuration.cmake.additionalKits.description": "自定义工具包文件的路径数组",
	"cmake-tools.configuration.cmake.revealLog.description": "配置用于显示日志并聚焦于输出通道的设置。",
	"cmake-tools.configuration.cmake.revealLog.focus.description": "将显示日志，并且输出通道会占用光标焦点。",
	"cmake-tools.configuration.cmake.revealLog.always.description": "将显示日志，但输出通道不会占用光标焦点。",
	"cmake-tools.configuration.cmake.revealLog.never.description": "日志既不显示也不占据焦点。",
	"cmake-tools.configuration.cmake.exportCompileCommandsFile.description": "启用导出 compile_commands.json。",
	"cmake-tools.configuration.cmake.useCMakePresets.description": "使用 CMakepresets.json 配置驱动器 CMake 配置、生成和测试。使用 CMakepresets.json 时，将忽略工具包、变量和 settings.json 中的某些设置。",
	"cmake-tools.configuration.cmake.allowCommentsInPresetsFile.description": "允许使用 JSON 扩展，如 CMakePresets.json 中的注释。请注意，如果使用非标准 JSON，则其他 IDE 或命令行可能认为 CMakePresets.json 文件无效。",
	"cmake-tools.configuration.cmake.allowUnsupportedPresetsVersions.description": "支持使用预设文件，这些文件使用的是 CMake Tools 扩展当前不支持的版本中的功能。将忽略未知属性和宏。",
	"cmake-tools.configuration.cmake.ignoreCMakeListsMissing.description": "如果为 `true`，则当在工作区中找到 CMakeLists.txt 文件，但未在根文件夹中找到时，扩展将不会要求用户选择 CMakeLists.txt 文件以进行配置。",
	"cmake-tools.configuration.cmake.launchBehavior.description": "控制启动目标时启动终端将执行的操作。",
	"cmake-tools.taskDefinitions.properties.label.description": "任务的名称",
	"cmake-tools.taskDefinitions.properties.command.description": "CMake 命令",
	"cmake-tools.taskDefinitions.properties.targets.description": "CMake 生成目标",
	"cmake-tools.taskDefinitions.properties.preset.description": "CMake 预设名称。这是基于 CMake 命令的配置、生成或测试预设",
	"cmake-tools.taskDefinitions.properties.options.description": "其他命令选项",
	"cmake-tools.taskDefinitions.properties.options.cwd.description": "已执行程序或脚本的当前工作目录。如果省略，则使用代码的当前工作区根。",
	"cmake-tools.taskDefinitions.properties.options.environment.markdownDescription": "格式为 “name” 的环境变量: “value”。",
	"cmake-tools.taskDefinitions.properties.details.description": "任务类型的其他详细信息",
	"cmake-tools.configuration.cmake.launchBehavior.reuseTerminal.markdownDescriptions": "已重用启动终端实例，并且目标将在终端空闲时立即启动。",
	"cmake-tools.configuration.cmake.launchBehavior.breakAndReuseTerminal.markdownDescriptions": "已重用启动终端实例，并且将在启动目标之前发送“中断”命令以终止任何活动的前台进程。",
	"cmake-tools.configuration.cmake.launchBehavior.newTerminal.markdownDescriptions": "已创建新的终端实例，并且已在其中启动目标。系统不会自动清理现有终端。",
	"cmake-tools.configuration.cmake.loadCompileCommands.description": "控制扩展是否读取 compile_commands.json 以启用单个文件编译。"
}