{
	"cmake-tools.command.cmake.openCMakePresets.title": "Open CMakePresets.json",
	"cmake-tools.command.cmake.addConfigurePreset.title": "Přidat předvolbu konfigurace",
	"cmake-tools.command.cmake.addBuildPreset.title": "Přidat předvolbu sestavení",
	"cmake-tools.command.cmake.addTestPreset.title": "Přidat předvolbu testování",
	"cmake-tools.command.cmake.selectConfigurePreset.title": "Vybrat předvolbu konfigurace",
	"cmake-tools.command.cmake.selectBuildPreset.title": "Vybrat předvolbu sestavení",
	"cmake-tools.command.cmake.selectTestPreset.title": "Vybrat předvolbu testování",
	"cmake-tools.command.cmake.viewLog.title": "Otevřít soubor protokolu nástrojů CMake Tools",
	"cmake-tools.command.cmake.logDiagnostics.title": "Protokolovat diagnostiku",
	"cmake-tools.command.cmake.editKits.title": "Upravit sady CMake pro místní uživatele",
	"cmake-tools.command.cmake.scanForKits.title": "Vyhledat sady",
	"cmake-tools.command.cmake.scanForCompilers.title": "Vyhledat kompilátory",
	"cmake-tools.command.cmake.selectKit.title": "Vyberte sadu",
	"cmake-tools.command.cmake.setVariant.title": "Vybrat variantu",
	"cmake-tools.command.cmake.setVariantAll.title": "Vybrat variantu pro všechny projekty",
	"cmake-tools.command.cmake.configure.title": "Konfigurovat",
	"cmake-tools.command.cmake.configureAll.title": "Nakonfigurovat všechny projekty",
	"cmake-tools.command.cmake.showConfigureCommand.title": "Zobrazení příkazu konfigurace",
	"cmake-tools.command.cmake.build.title": "Build",
	"cmake-tools.command.cmake.buildAll.title": "Sestavit všechny projekty",
	"cmake-tools.command.cmake.showBuildCommand.title": "Zobrazení příkazu sestavení",
	"cmake-tools.command.cmake.buildNamedTarget.title": "(Interní) Sestavit cíl podle názvu",
	"cmake-tools.command.cmake.compileFile.title": "Zkompilovat aktivní soubor",
	"cmake-tools.command.cmake.outline.compileFile.title": "Zkompilovat soubor",
	"cmake-tools.command.cmake.install.title": "Nainstalovat",
	"cmake-tools.command.cmake.installAll.title": "Nainstalovat všechny projekty",
	"cmake-tools.command.cmake.buildWithTarget.title": "Sestavit cíl",
	"cmake-tools.command.cmake.setDefaultTarget.title": "Nastavit cíl sestavení",
	"cmake-tools.command.cmake.cleanConfigure.title": "Odstranit mezipaměť a znovu nakonfigurovat",
	"cmake-tools.command.cmake.cleanConfigureAll.title": "Vymazat mezipaměť a překonfigurovat všechny projekty",
	"cmake-tools.command.cmake.editCacheUI.title": "Upravit mezipaměť CMake (uživatelské rozhraní)",
	"cmake-tools.command.cmake.outline.cleanConfigure.title": "Vymazat a znovu nakonfigurovat",
	"cmake-tools.command.cmake.outline.cleanConfigureAll.title": "Vymazat a znovu nakonfigurovat všechny projekty",
	"cmake-tools.command.cmake.clean.title": "Vymazat ",
	"cmake-tools.command.cmake.cleanAll.title": "Vymazat všechny projekty",
	"cmake-tools.command.cmake.cleanRebuild.title": "Vymazat a znovu sestavit",
	"cmake-tools.command.cmake.cleanRebuildAll.title": "Vymazat a znovu sestavit všechny projekty",
	"cmake-tools.command.cmake.ctest.title": "Spustit testy",
	"cmake-tools.command.cmake.ctestAll.title": "Spustit testy pro všechny projekty",
	"cmake-tools.command.cmake.editCache.title": "Upravit mezipaměť CMake",
	"cmake-tools.command.cmake.quickStart.title": "Rychlý Start",
	"cmake-tools.command.cmake.debugTarget.title": "Ladit",
	"cmake-tools.command.cmake.debugTargetAll.title": "Ladit všechny projekty",
	"cmake-tools.command.cmake.launchTarget.title": "Spustit bez ladění",
	"cmake-tools.command.cmake.launchTargetAll.title": "Spustit všechny projekty bez ladění",
	"cmake-tools.command.cmake.selectLaunchTarget.title": "Nastavit cíl ladění",
	"cmake-tools.command.cmake.stop.title": "Zrušit sestavení",
	"cmake-tools.command.cmake.stopAll.title": "Zrušit sestavování pro všechny projekty",
	"cmake-tools.command.cmake.resetState.title": "Resetovat stav rozšíření nástrojů CMake Tools (pro řešení potíží)",
	"cmake-tools.command.cmake.selectActiveFolder.title": "Vybrat aktivní složku",
	"cmake-tools.command.cmake.outline.runUtilityTarget.title": "Spustit nástroj",
	"cmake-tools.command.cmake.outline.debugTarget.title": "Ladit",
	"cmake-tools.command.cmake.outline.launchTarget.title": "Spustit v terminálu",
	"cmake-tools.command.cmake.outline.setDefaultTarget.title": "Nastavit jako cíl sestavení",
	"cmake-tools.command.cmake.outline.setLaunchTarget.title": "Nastavit jako cíl pro spuštění nebo ladění",
	"cmake-tools.command.cmake.outline.revealInCMakeLists.title": "Otevřít CMakeLists.txt",
	"cmake-tools.command.cmake.folders.setActiveFolder.title": "Nastavit aktivní složku",
	"cmake-tools.configuration.title": "Konfigurace nástrojů CMake Tools",
	"cmake-tools.configuration.cmake.cmakePath.description": "Název nebo cesta ke spustitelnému souboru CMake, který se má použít",
	"cmake-tools.configuration.cmake.buildDirectory.description": "Adresář, do kterého se budou ukládat soubory pro sestavení CMake",
	"cmake-tools.configuration.cmake.installPrefix.description": "Adresář, do kterého se nainstalují soubory CMake",
	"cmake-tools.configuration.cmake.sourceDirectory.description": "Cesta nebo pole cest ke kořenovému adresáři/adresářům CMakeLists.txt.",
	"cmake-tools.configuration.cmake.saveBeforeBuild.description": "Uložit otevřené soubory před sestavením",
	"cmake-tools.configuration.cmake.buildBeforeRun.description": "Před spuštěním cíle ho sestavte.",
	"cmake-tools.configuration.cmake.clearOutputBeforeBuild.description": "Vymazat výstup sestavení před každým sestavením",
	"cmake-tools.configuration.cmake.configureSettings.description": "Proměnné CMake, které se mají nastavit na příkazovém řádku",
	"cmake-tools.configuration.cmake.cacheInit.string.description": "Cesta k souboru CMake, který inicializuje mezipaměť",
	"cmake-tools.configuration.cmake.cacheInit.array.description": "Seznam inicializačních souborů mezipaměti",
	"cmake-tools.configuration.cmake.cacheInit.array.string.description": "Soubor CMake, který inicializuje mezipaměť",
	"cmake-tools.configuration.cmake.preferredGenerators.description": "Upřednostňované generátory CMake, které se mají použít při konfigurování (v tomto pořadí)",
	"cmake-tools.configuration.cmake.generator.description": "Generátor CMake, který se má použít",
	"cmake-tools.configuration.cmake.toolset.description": "Sada nástrojů CMake, která se má použít při konfiguraci",
	"cmake-tools.configuration.cmake.platform.description": "Platforma CMake, která se má použít při konfigurování",
	"cmake-tools.configuration.cmake.configureArgs.description": "Další argumenty, které se mají předat nástrojům CMake při konfigurování",
	"cmake-tools.configuration.cmake.buildArgs.description": "Další argumenty, které se mají předat nástrojům CMake při sestavování",
	"cmake-tools.configuration.cmake.buildToolArgs.description": "Další argumenty, které se mají předat základnímu nástroji pro sestavení při sestavování",
	"cmake-tools.configuration.cmake.parallelJobs.description": "Počet paralelních úloh buildu. Pokud chcete automaticky zjistit počet procesorů, použijte nulu. Nastavením na 1 paralelismus buildu zakážete.",
	"cmake-tools.configuration.cmake.ctestPath.description": "Cesta ke spustitelnému souboru CTest. Pokud je hodnota null, bude odvozena z parametru cmake.cmakePath (doporučeno ponechat hodnotu null).",
	"cmake-tools.configuration.cmake.ctest.parallelJobs.description": "Počet paralelních testovacích úloh. Pokud chcete použít hodnotu cmake.parallelJobs, použijte nulu.",
	"cmake-tools.configuration.cmake.parseBuildDiagnostics.description": "Analyzovat výstup kompilátoru z hlediska upozornění a chyb",
	"cmake-tools.configuration.cmake.enabledOutputParsers.description": "Výstupní analyzátory, které se mají použít. Podporované jsou analyzátory cmake, gcc a gnuld pro výstup linkeru ve stylu GNULD, msvc pro Microsoft Visual C++, ghs pro kompilátor Green Hills s parametry --no_wrap_diagnostics nebo --brief_diagnostics a diab pro kompilátor Wind River Diab.",
	"cmake-tools.configuration.cmake.debugConfig.description": "Konfigurace ladění, která se má použít při ladění cíle",
	"cmake-tools.configuration.cmake.debugConfig.symbolSearchPath.description": "Cesty pro hledání symbolů ladicího programu sady Visual Studio",
	"cmake-tools.configuration.cmake.debugConfig.additionalSOLibSearchPath.description": "Cesty pro GDB nebo LLDB, kde se mají hledat soubory .so",
	"cmake-tools.configuration.cmake.debugConfig.externalConsole.description": "Spustit externí konzolu pro program",
	"cmake-tools.configuration.cmake.debugConfig.console.description": "Umístění, na kterém se má spustit cíl ladění. Když se nedefinuje, výchozí hodnota bude internalConsole.",
	"cmake-tools.configuration.cmake.debugConfig.console.internalConsole.description": "Výstup do konzoly ladění VS Code. Nepodporuje čtení vstupu konzoly (např. std::cin nebo scanf).",
	"cmake-tools.configuration.cmake.debugConfig.console.integratedTerminal.description": "Integrovaný terminál VS Code.",
	"cmake-tools.configuration.cmake.debugConfig.console.externalTerminal.description": "Konzolové aplikace se spustí v externím okně terminálu. Okno se znovu použije ve scénářích opětovného spuštění a po ukončení aplikace se automaticky nezavře.",
	"cmake-tools.configuration.cmake.debugConfig.console.newExternalWindow.description": "Konzolové aplikace se spustí ve vlastním externím okně konzoly, které se ukončí, až se aplikace zastaví. Aplikace, které konzolové nejsou, se spustí bez terminálu a stdout a stderr se budou ignorovat.",
	"cmake-tools.configuration.cmake.debugConfig.logging.description": "Zadejte, jaké typy zpráv se mají protokolovat do konzoly.",
	"cmake-tools.configuration.cmake.debugConfig.visualizerFile.description": "Soubor .natvis, který se použije při ladění",
	"cmake-tools.configuration.cmake.debugConfig.args.description": "Argumenty, které se mají předat do programového příkazového řádku",
	"cmake-tools.configuration.cmake.debugConfig.cwd.description": "Nastavit pracovní adresář pro program",
	"cmake-tools.configuration.cmake.debugConfig.environment.name.description": "Název proměnné prostředí",
	"cmake-tools.configuration.cmake.debugConfig.environment.value.description": "Hodnota pro proměnnou prostředí",
	"cmake-tools.configuration.cmake.debugConfig.miDebuggerPath.description": "Cesta k ladicímu programu gdb nebo lldb",
	"cmake-tools.configuration.cmake.debugConfig.stopAtEntry.description": "Zastavit na vstupním bodu cíle",
	"cmake-tools.configuration.cmake.debugConfig.setupCommands.description": "Příkaz pro nastavení gdb nebo lldb",
	"cmake-tools.configuration.cmake.debugConfig.setupCommands.text.description": "Příkaz, který se má spustit",
	"cmake-tools.configuration.cmake.debugConfig.setupCommands.description.description": "Popis příkazu",
	"cmake-tools.configuration.cmake.defaultVariants.buildType.description": "Typ sestavení",
	"cmake-tools.configuration.cmake.defaultVariants.buildType.debug.long": "Zakázat optimalizace – zahrnout ladicí informace",
	"cmake-tools.configuration.cmake.defaultVariants.buildType.release.long": "Optimalizovat pro rychlost – vyloučit ladicí informace",
	"cmake-tools.configuration.cmake.defaultVariants.buildType.minsize.long": "Optimalizovat pro nejmenší velikost binárního souboru – vyloučit ladicí informace",
	"cmake-tools.configuration.cmake.defaultVariants.buildType.reldeb.long": "Optimalizovat pro rychlost – zahrnout ladicí informace",
	"cmake-tools.configuration.cmake.ctestArgs.description": "Argumenty, které se mají předat do CTestu",
	"cmake-tools.configuration.cmake.ctestDefaultArgs.description": "Argumenty předávané ve výchozím nastavení do CTestu.",
	"cmake-tools.configuration.cmake.environment.description": "Proměnné prostředí, které se mají nastavit při spouštění příkazů CMake",
	"cmake-tools.configuration.cmake.environment.additionalProperties.description": "Hodnota pro proměnnou prostředí",
	"cmake-tools.configuration.cmake.configureEnvironment.description": "Proměnné prostředí, které se mají předat do nástrojů CMake během konfigurace",
	"cmake-tools.configuration.cmake.buildEnvironment.description": "Proměnné prostředí, které se mají předat do nástrojů CMake během sestavování",
	"cmake-tools.configuration.cmake.testEnvironment.description": "Proměnné prostředí, které se mají předat CTestu",
	"cmake-tools.configuration.cmake.mingwSearchDirs.description": "Adresáře, ve kterých může být nainstalovaný MinGW",
	"cmake-tools.configuration.cmake.searchDirs.items.description": "Cesta k adresáři",
	"cmake-tools.configuration.cmake.emscriptenSearchDirs.description": "Adresáře, ve kterých může být nainstalovaný Emscripten",
	"cmake-tools.configuration.cmake.mergedCompileCommands.description": "Rekurzivně shromážděte a slučte všechny soubory compile_commands.json nalezené v adresáři cmake.buildDirectory.",
	"cmake-tools.configuration.cmake.copyCompileCommands.description": "Po úspěšné konfiguraci zkopírovat soubor compile_commands.json do tohoto umístění",
	"cmake-tools.configuration.cmake.configureOnOpen.description": "Automaticky konfigurovat adresáře projektu CMake při jejich otevření",
	"cmake-tools.configuration.cmake.configureOnEdit.description": "Automaticky nakonfigurovat adresáře projektu CMake, když se uloží obsah cmake.sourceDirectory nebo CMakeLists.txt",
	"cmake-tools.configuration.cmake.setBuildTypeOnMultiConfig.description": "Nastavit CMAKE_BUILD_TYPE i pro generátory více konfigurací",
	"cmake-tools.configuration.cmake.skipConfigureIfCachePresent.description": "Přeskočit proces konfigurace, pokud je k dispozici mezipaměť",
	"cmake-tools.configuration.cmake.cmakeCommunicationMode": "Protokol, pomocí kterého se komunikuje mezi rozšířením a nástrojem CMake",
	"cmake-tools.configuration.cmake.showSystemKits.description": "Zahrnout systémové sady do výběru sady",
	"cmake-tools.configuration.cmake.ignoreKitEnv.description": "Při spouštění příkazů CMake nepoužívat proměnné prostředí sady",
	"cmake-tools.configuration.cmake.buildTask.description": "Sestavit pomocí souboru tasks.json místo interního procesu",
	"cmake-tools.configuration.cmake.outputLogEncoding.description": "Kódování výstupu z externích příkazů (např. cmake -- build)",
	"cmake-tools.configuration.cmake.enableTraceLogging.description": "Povolit protokolování trasování do souboru a konzoly (velmi vysoké objemy dat)",
	"cmake-tools.configuration.cmake.autoSelectActiveFolder.description": "Vybrat aktivní složku automaticky",
	"cmake-tools.configuration.cmake.touchbar.visibility.description": "Nakonfiguruje, jak rozšíření zobrazuje tlačítka na Touch Baru na MacBooku.",
	"cmake-tools.configuration.cmake.touchbar.visibility.default.description": "Umožňuje zobrazit na podporovaných systémech tlačítka Touch Baru.",
	"cmake-tools.configuration.cmake.touchbar.visibility.hidden.description": "Nezobrazovat tlačítka Touch Baru",
	"cmake-tools.configuration.cmake.statusbar.visibility.description": "Nakonfiguruje, jak rozšíření zobrazí tlačítka na stavovém řádku.",
	"cmake-tools.configuration.cmake.statusbar.advanced.description": "Nakonfiguruje nastavení jednotlivých tlačítek stavového řádku. Tato nastavení přepíšou obecnější nastavení cmake.statusbar.visibility.",
	"cmake-tools.configuration.cmake.statusbar.advanced.visibility.description": "Nakonfiguruje, jak rozšíření zobrazí toto tlačítko na stavovém řádku.",
	"cmake-tools.configuration.cmake.statusbar.advanced.ctest.color.description": "Povolí změnu barvy tohoto tlačítka v závislosti na výsledcích testů.",
	"cmake-tools.configuration.cmake.statusbar.advanced.length.description": "Nakonfiguruje maximální délku viditelného textu v režimu compact.",
	"cmake-tools.configuration.views.cmake.folders.description": "Složky",
	"cmake-tools.configuration.views.cmake.outline.description": "Osnova projektu",
	"cmake-tools.configuration.cmake.additionalKits.description": "Pole cest k vlastním sadám souborů",
	"cmake-tools.configuration.cmake.revealLog.description": "Nakonfiguruje nastavení pro zobrazení protokolu a zaměření na výstupní kanál.",
	"cmake-tools.configuration.cmake.revealLog.focus.description": "Zobrazí se protokol a výstupní kanál převezme fokus kurzoru.",
	"cmake-tools.configuration.cmake.revealLog.always.description": "Protokol se zobrazí, ale výstupní kanál nepřevezme zaměření kurzoru.",
	"cmake-tools.configuration.cmake.revealLog.never.description": "Protokol se nezobrazuje ani nepřijímá zaměření.",
	"cmake-tools.configuration.cmake.exportCompileCommandsFile.description": "Umožňuje exportovat compile_commands.json.",
	"cmake-tools.configuration.cmake.useCMakePresets.description": "Pomocí CMakePresets.json můžete řídit konfiguraci, sestavování a testování pomocí CMaku. Když budete používat CMakePresets.json, budou se ignorovat sady, varianty a některá další nastavení v souboru settings.json.",
	"cmake-tools.configuration.cmake.allowCommentsInPresetsFile.description": "Povolte v CMakePresets.json používání rozšíření JSON, jako jsou třeba komentáře. Pokud použijete nestandardní JSON, ostatní prostředí IDE nebo příkazový řádek může soubor CMakePresets.json považovat za neplatný.",
	"cmake-tools.configuration.cmake.allowUnsupportedPresetsVersions.description": "Povolí použití souborů předvoleb používajících funkce z verzí, které rozšíření CMake Tools aktuálně nepodporuje. Neznámé vlastnosti a makra se budou ignorovat.",
	"cmake-tools.configuration.cmake.ignoreCMakeListsMissing.description": "Když se nastaví na true, rozšíření nebude uživatele žádat, aby vybral soubor CMakeLists.txt pro konfiguraci, když se nějaký najde v pracovním prostoru, ale ne v kořenové složce.",
	"cmake-tools.configuration.cmake.launchBehavior.description": "Určuje, co se stane se spouštěcím terminálem, když spustíte cíl.",
	"cmake-tools.taskDefinitions.properties.label.description": "Název úlohy",
	"cmake-tools.taskDefinitions.properties.command.description": "Příkaz CMake",
	"cmake-tools.taskDefinitions.properties.targets.description": "Cíle sestavení CMake",
	"cmake-tools.taskDefinitions.properties.preset.description": "Název předvolby CMake. Toto je předvolba konfigurace, sestavení nebo testování, založená na příkazu CMake.",
	"cmake-tools.taskDefinitions.properties.options.description": "Další možnosti příkazu",
	"cmake-tools.taskDefinitions.properties.options.cwd.description": "Aktuální pracovní adresář prováděného programu nebo skriptu. Pokud je vynecháno, bude použit kořen aktuálního pracovního prostoru Code.",
	"cmake-tools.taskDefinitions.properties.options.environment.markdownDescription": "Proměnné prostředí ve formátu „název“: „hodnota“.",
	"cmake-tools.taskDefinitions.properties.details.description": "Další podrobnosti o typu úlohy",
	"cmake-tools.configuration.cmake.launchBehavior.reuseTerminal.markdownDescriptions": "Instance spouštěcího terminálu se znovu použije a cíl se spustí, jakmile bude terminál nečinný.",
	"cmake-tools.configuration.cmake.launchBehavior.breakAndReuseTerminal.markdownDescriptions": "Instance spouštěcího terminálu se znovu použije a před spuštěním cíle se odešle příkaz k přerušení veškerých aktivních procesů v popředí.",
	"cmake-tools.configuration.cmake.launchBehavior.newTerminal.markdownDescriptions": "Vytvoří se nová instance terminál a cíl se v ní spustí. Existující terminály se automaticky nevyčistí.",
	"cmake-tools.configuration.cmake.loadCompileCommands.description": "Určuje, jestli rozšíření přečte soubor compile_commands.json a povolí kompilaci jednoho souboru."
}