{
	"cmake-tools.command.cmake.openCMakePresets.title": "Open CMakePresets.json",
	"cmake-tools.command.cmake.addConfigurePreset.title": "Dodaj ustawienie wstępne konfiguracji",
	"cmake-tools.command.cmake.addBuildPreset.title": "Ustawienie wstępne kompilowania",
	"cmake-tools.command.cmake.addTestPreset.title": "Dodaj wstępne ustawienie testu",
	"cmake-tools.command.cmake.selectConfigurePreset.title": "Wybierz ustawienie wstępne konfiguracji",
	"cmake-tools.command.cmake.selectBuildPreset.title": "Wybierz ustawienie wstępne kompilowania",
	"cmake-tools.command.cmake.selectTestPreset.title": "Wybierz ustawienie wstępne testu",
	"cmake-tools.command.cmake.viewLog.title": "Otwórz plik dziennika narzędzi CMake Tools",
	"cmake-tools.command.cmake.logDiagnostics.title": "Rejestruj diagnostykę",
	"cmake-tools.command.cmake.editKits.title": "Edytuj lokalne zestawy narzędzia CMake użytkownika",
	"cmake-tools.command.cmake.scanForKits.title": "Skanuj w poszukiwaniu zestawów",
	"cmake-tools.command.cmake.scanForCompilers.title": "Skanuj w poszukiwaniu kompilatorów",
	"cmake-tools.command.cmake.selectKit.title": "Wybierz zestaw",
	"cmake-tools.command.cmake.setVariant.title": "Wybierz wariant",
	"cmake-tools.command.cmake.setVariantAll.title": "Wybierz wariant dla wszystkich projektów",
	"cmake-tools.command.cmake.configure.title": "Konfiguruj",
	"cmake-tools.command.cmake.configureAll.title": "Konfiguruj wszystkie projekty",
	"cmake-tools.command.cmake.showConfigureCommand.title": "Pokaż polecenie Konfiguruj",
	"cmake-tools.command.cmake.build.title": "Kompilacja",
	"cmake-tools.command.cmake.buildAll.title": "Kompiluj wszystkie projekty",
	"cmake-tools.command.cmake.showBuildCommand.title": "Pokaż polecenie kompilacji",
	"cmake-tools.command.cmake.buildNamedTarget.title": "(Wewnętrzne) Kompiluj element docelowy według nazwy",
	"cmake-tools.command.cmake.compileFile.title": "Kompiluj aktywny plik",
	"cmake-tools.command.cmake.outline.compileFile.title": "Kompiluj plik",
	"cmake-tools.command.cmake.install.title": "Zainstaluj",
	"cmake-tools.command.cmake.installAll.title": "Zainstaluj wszystkie projekty",
	"cmake-tools.command.cmake.buildWithTarget.title": "Kompiluj element docelowy",
	"cmake-tools.command.cmake.setDefaultTarget.title": "Ustaw element docelowy kompilowania",
	"cmake-tools.command.cmake.cleanConfigure.title": "Usuń pamięć podręczną i skonfiguruj ponownie",
	"cmake-tools.command.cmake.cleanConfigureAll.title": "Usuń pamięć podręczną i skonfiguruj ponownie wszystkie projekty",
	"cmake-tools.command.cmake.editCacheUI.title": "Edycja pamięci podręcznej narzędzia CMake (interfejs użytkownika)",
	"cmake-tools.command.cmake.outline.cleanConfigure.title": "Wyczyść i skonfiguruj ponownie",
	"cmake-tools.command.cmake.outline.cleanConfigureAll.title": "Wyczyść ponowne konfigurowanie wszystkich projektów",
	"cmake-tools.command.cmake.clean.title": "Wyczyść",
	"cmake-tools.command.cmake.cleanAll.title": "Wyczyść wszystkie projekty",
	"cmake-tools.command.cmake.cleanRebuild.title": "Wyczyść i skompiluj ponownie",
	"cmake-tools.command.cmake.cleanRebuildAll.title": "Wyczyść ponowną kompilację wszystkich projektów",
	"cmake-tools.command.cmake.ctest.title": "Uruchom testy",
	"cmake-tools.command.cmake.ctestAll.title": "Uruchom testy dla wszystkich projektów",
	"cmake-tools.command.cmake.editCache.title": "Edytuj pamięć podręczną narzędzia CMake",
	"cmake-tools.command.cmake.quickStart.title": "Szybki start",
	"cmake-tools.command.cmake.debugTarget.title": "Debuguj",
	"cmake-tools.command.cmake.debugTargetAll.title": "Debuguj wszystkie projekty",
	"cmake-tools.command.cmake.launchTarget.title": "Uruchom bez debugowania",
	"cmake-tools.command.cmake.launchTargetAll.title": "Uruchom wszystkie projekty bez debugowania",
	"cmake-tools.command.cmake.selectLaunchTarget.title": "Ustaw element docelowy debugowania",
	"cmake-tools.command.cmake.stop.title": "Anuluj kompilację",
	"cmake-tools.command.cmake.stopAll.title": "Anuluj kompilację dla wszystkich projektów",
	"cmake-tools.command.cmake.resetState.title": "Resetuj stan rozszerzenia narzędzi CMake Tools (na potrzeby rozwiązywania problemów)",
	"cmake-tools.command.cmake.selectActiveFolder.title": "Wybierz aktywny folder",
	"cmake-tools.command.cmake.outline.runUtilityTarget.title": "Uruchom narzędzie",
	"cmake-tools.command.cmake.outline.debugTarget.title": "Debuguj",
	"cmake-tools.command.cmake.outline.launchTarget.title": "Uruchom w terminalu",
	"cmake-tools.command.cmake.outline.setDefaultTarget.title": "Ustaw jako element docelowy kompilowania",
	"cmake-tools.command.cmake.outline.setLaunchTarget.title": "Ustaw jako element docelowy uruchamiania/debugowania",
	"cmake-tools.command.cmake.outline.revealInCMakeLists.title": "Otwórz plik CMakeLists.txt",
	"cmake-tools.command.cmake.folders.setActiveFolder.title": "Ustaw aktywny folder",
	"cmake-tools.configuration.title": "Konfiguracja narzędzi CMake Tools",
	"cmake-tools.configuration.cmake.cmakePath.description": "Nazwa/ścieżka pliku wykonywalnego narzędzia CMake do użycia.",
	"cmake-tools.configuration.cmake.buildDirectory.description": "Katalog, w którym zostaną umieszczone pliki kompilacji narzędzia CMake.",
	"cmake-tools.configuration.cmake.installPrefix.description": "Katalog, w którym zostaną umieszczone zainstalowane pliki narzędzia CMake.",
	"cmake-tools.configuration.cmake.sourceDirectory.description": "Ścieżka lub tablica ścieżek do katalogu głównego/katalogów CMakeLists.txt.",
	"cmake-tools.configuration.cmake.saveBeforeBuild.description": "Zapisz otwarte pliki przed kompilowaniem.",
	"cmake-tools.configuration.cmake.buildBeforeRun.description": "Skompiluj element docelowy przed jego uruchomieniem.",
	"cmake-tools.configuration.cmake.clearOutputBeforeBuild.description": "Czyść dane wyjściowe kompilacji przed każdym kompilowaniem.",
	"cmake-tools.configuration.cmake.configureSettings.description": "Zmienne narzędzia CMake do ustawienia w wierszu polecenia.",
	"cmake-tools.configuration.cmake.cacheInit.string.description": "Ścieżka do pliku narzędzia CMake inicjującego pamięć podręczną.",
	"cmake-tools.configuration.cmake.cacheInit.array.description": "Lista plików inicjatora pamięci podręcznej.",
	"cmake-tools.configuration.cmake.cacheInit.array.string.description": "Plik narzędzia CMake inicjujący pamięć podręczną.",
	"cmake-tools.configuration.cmake.preferredGenerators.description": "Preferowane generatory narzędzia CMake do użycia podczas konfigurowania (w kolejności, w której są wymienione).",
	"cmake-tools.configuration.cmake.generator.description": "Generator narzędzia CMake do użycia.",
	"cmake-tools.configuration.cmake.toolset.description": "Zestaw narzędzi programu CMake do użycia podczas konfigurowania.",
	"cmake-tools.configuration.cmake.platform.description": "Platforma narzędzia CMake do użycia podczas konfigurowania.",
	"cmake-tools.configuration.cmake.configureArgs.description": "Dodatkowe argumenty do przekazania do narzędzia CMake podczas konfigurowania.",
	"cmake-tools.configuration.cmake.buildArgs.description": "Dodatkowe argumenty do przekazania do narzędzia CMake podczas kompilowania.",
	"cmake-tools.configuration.cmake.buildToolArgs.description": "Dodatkowe argumenty do przekazania do bazowego narzędzia kompilacji podczas kompilowania.",
	"cmake-tools.configuration.cmake.parallelJobs.description": "Liczba równoległych zadań kompilacji. Użyj zera, aby automatycznie wykryć liczbę procesorów CPU. Ustawienie wartości 1 spowoduje wyłączenie równoległości kompilacji.",
	"cmake-tools.configuration.cmake.ctestPath.description": "Ścieżka do pliku wykonywalnego narzędzia CTest. Jeśli wartość jest równa null, zostanie określona na podstawie parametru cmake.cmakePath (zaleca się pozostawienie wartości null).",
	"cmake-tools.configuration.cmake.ctest.parallelJobs.description": "Liczba równoległych zadań testowych. Użyj wartości zero, aby użyć wartości parametru cmake.parallelJobs.",
	"cmake-tools.configuration.cmake.parseBuildDiagnostics.description": "Analizuj dane wyjściowe kompilatora pod kątem ostrzeżeń i błędów.",
	"cmake-tools.configuration.cmake.enabledOutputParsers.description": "Analizatory danych wyjściowych do użycia. Obsługiwane analizatory to `cmake`, `gcc`, `gnuld` dla danych wyjściowych konsolidatora typu GNULD, `msvc` dla programu Microsoft Visual C++, `ghs` dla kompilatora Green Hills z parametrami --no_wrap_diagnostics --brief_diagnostics oraz `diab` dla kompilatora Wind River Diab.",
	"cmake-tools.configuration.cmake.debugConfig.description": "Konfiguracja debugowania do użycia podczas debugowania elementu docelowego.",
	"cmake-tools.configuration.cmake.debugConfig.symbolSearchPath.description": "Ścieżki wyszukiwania symboli debugera programu Visual Studio.",
	"cmake-tools.configuration.cmake.debugConfig.additionalSOLibSearchPath.description": "Ścieżki dla programu GDB lub LLDB na potrzeby wyszukiwania plików so.",
	"cmake-tools.configuration.cmake.debugConfig.externalConsole.description": "Uruchom konsolę zewnętrzną dla programu.",
	"cmake-tools.configuration.cmake.debugConfig.console.description": "Miejsce uruchamiania obiektu docelowego debugowania. Jeśli wartość nie jest zdefiniowana, używana jest wartość domyślna `internalConsole`.",
	"cmake-tools.configuration.cmake.debugConfig.console.internalConsole.description": "Przekazuj dane wyjściowe do konsoli debugowania programu VS Code. Ta funkcja nie obsługuje odczytywania danych wejściowych konsoli (np. `std::cin` lub `scanf`).",
	"cmake-tools.configuration.cmake.debugConfig.console.integratedTerminal.description": "Zintegrowany terminal programu VS Code.",
	"cmake-tools.configuration.cmake.debugConfig.console.externalTerminal.description": "Aplikacje konsolowe będą uruchamiane w zewnętrznym oknie terminalu. To okno będzie ponownie użyte w scenariuszach wznowionego uruchamiania i nie będzie automatycznie znikać po zamknięciu aplikacji.",
	"cmake-tools.configuration.cmake.debugConfig.console.newExternalWindow.description": "Aplikacje konsolowe będą uruchamiane we własnym oknie konsoli, które zostanie zamknięte po zatrzymaniu aplikacji. Aplikacje inne niż konsolowe będą uruchamiane bez terminalu, a dane stdout/stderr będą ignorowane.",
	"cmake-tools.configuration.cmake.debugConfig.logging.description": "Określ, które typy komunikatów powinny być rejestrowane w konsoli.",
	"cmake-tools.configuration.cmake.debugConfig.visualizerFile.description": "Plik natvis do użycia podczas debugowania.",
	"cmake-tools.configuration.cmake.debugConfig.args.description": "Argumenty do przekazania do wiersza polecenia programu.",
	"cmake-tools.configuration.cmake.debugConfig.cwd.description": "Ustaw katalog roboczy dla programu.",
	"cmake-tools.configuration.cmake.debugConfig.environment.name.description": "Nazwa zmiennej środowiskowej.",
	"cmake-tools.configuration.cmake.debugConfig.environment.value.description": "Wartość dla zmiennej środowiskowej.",
	"cmake-tools.configuration.cmake.debugConfig.miDebuggerPath.description": "Ścieżka do debugera gdb lub lldb.",
	"cmake-tools.configuration.cmake.debugConfig.stopAtEntry.description": "Zatrzymaj w punkcie wejścia elementu docelowego.",
	"cmake-tools.configuration.cmake.debugConfig.setupCommands.description": "Polecenie konfigurowania programu gdb lub lldb.",
	"cmake-tools.configuration.cmake.debugConfig.setupCommands.text.description": "Polecenie do uruchomienia.",
	"cmake-tools.configuration.cmake.debugConfig.setupCommands.description.description": "Opis polecenia.",
	"cmake-tools.configuration.cmake.defaultVariants.buildType.description": "Typ kompilacji.",
	"cmake-tools.configuration.cmake.defaultVariants.buildType.debug.long": "Wyłącz optymalizacje — uwzględnij informacje o debugowaniu.",
	"cmake-tools.configuration.cmake.defaultVariants.buildType.release.long": "Optymalizuj pod kątem szybkości — wyklucz informacje o debugowaniu.",
	"cmake-tools.configuration.cmake.defaultVariants.buildType.minsize.long": "Optymalizuj pod kątem najmniejszego rozmiaru pliku binarnego — wyklucz informacje debugowania.",
	"cmake-tools.configuration.cmake.defaultVariants.buildType.reldeb.long": "Optymalizuj pod kątem szybkości — uwzględnij informacje o debugowaniu.",
	"cmake-tools.configuration.cmake.ctestArgs.description": "Argumenty do przekazania do narzędzia CTest.",
	"cmake-tools.configuration.cmake.ctestDefaultArgs.description": "Argumenty domyślnie przekazane do narzędzia CTest.",
	"cmake-tools.configuration.cmake.environment.description": "Zmienne środowiskowe do ustawienia podczas uruchamiania poleceń narzędzia CMake.",
	"cmake-tools.configuration.cmake.environment.additionalProperties.description": "Wartość dla zmiennej środowiskowej.",
	"cmake-tools.configuration.cmake.configureEnvironment.description": "Zmienne środowiskowe do przekazania do narzędzia CMake podczas konfigurowania.",
	"cmake-tools.configuration.cmake.buildEnvironment.description": "Zmienne środowiskowe do przekazania do narzędzia CMake podczas kompilowania.",
	"cmake-tools.configuration.cmake.testEnvironment.description": "Zmienne środowiskowe do przekazania do narzędzia CTest.",
	"cmake-tools.configuration.cmake.mingwSearchDirs.description": "Katalogi, w których można zainstalować środowisko MinGW.",
	"cmake-tools.configuration.cmake.searchDirs.items.description": "Ścieżka do katalogu.",
	"cmake-tools.configuration.cmake.emscriptenSearchDirs.description": "Katalogi, w których można zainstalować program Emscripten.",
	"cmake-tools.configuration.cmake.mergedCompileCommands.description": "Cyklicznie zbieraj i scalaj wszystkie compile_commands.json znalezione w katalogu cmake.buildDirectory.",
	"cmake-tools.configuration.cmake.copyCompileCommands.description": "Kopiuj plik compile_commands.json do tej lokalizacji po pomyślnym skonfigurowaniu.",
	"cmake-tools.configuration.cmake.configureOnOpen.description": "Automatycznie konfiguruj katalogi projektu narzędzia CMake przy ich otwieraniu.",
	"cmake-tools.configuration.cmake.configureOnEdit.description": "Automatycznie konfiguruj katalogi projektu CMake po zapisaniu zawartości ustawienia cmake.sourceDirectory i pliku CMakeLists.txt.",
	"cmake-tools.configuration.cmake.setBuildTypeOnMultiConfig.description": "Ustawiaj zmienną CMAKE_BUILD_TYPE również w przypadku generatorów z wieloma konfiguracjami",
	"cmake-tools.configuration.cmake.skipConfigureIfCachePresent.description": "Pomiń proces konfigurowania, jeśli pamięć podręczna jest obecna.",
	"cmake-tools.configuration.cmake.cmakeCommunicationMode": "Protokół używany do komunikacji między rozszerzeniem i narzędziem CMake",
	"cmake-tools.configuration.cmake.showSystemKits.description": "Uwzględnij zestawy systemowe w wyborze zestawu",
	"cmake-tools.configuration.cmake.ignoreKitEnv.description": "Nie używaj zmiennych środowiskowych zestawu podczas uruchamiania poleceń narzędzia CMake.",
	"cmake-tools.configuration.cmake.buildTask.description": "Kompiluj przy użyciu pliku tasks.json zamiast procesu wewnętrznego.",
	"cmake-tools.configuration.cmake.outputLogEncoding.description": "Kodowanie danych wyjściowych z poleceń zewnętrznych (np. cmake --build).",
	"cmake-tools.configuration.cmake.enableTraceLogging.description": "Włącz rejestrowanie śledzenia w pliku i na konsoli (bardzo dużo danych).",
	"cmake-tools.configuration.cmake.autoSelectActiveFolder.description": "Wybierz aktywny folder automatycznie.",
	"cmake-tools.configuration.cmake.touchbar.visibility.description": "Konfiguruje sposób wyświetlania przez rozszerzenie przycisków na pasku Touch Bar komputera MacBook",
	"cmake-tools.configuration.cmake.touchbar.visibility.default.description": "Pokaż przyciski paska Touch Bar w obsługiwanych systemach.",
	"cmake-tools.configuration.cmake.touchbar.visibility.hidden.description": "Nie pokazuj przycisków paska Touch Bar.",
	"cmake-tools.configuration.cmake.statusbar.visibility.description": "Konfiguruje sposób wyświetlania przycisków na pasku stanu przez rozszerzenie.",
	"cmake-tools.configuration.cmake.statusbar.advanced.description": "Konfiguruje ustawienia dla poszczególnych przycisków paska stanu. Te ustawienia zastępują bardziej ogólne ustawienie „cmake.statusbar.visibility”.",
	"cmake-tools.configuration.cmake.statusbar.advanced.visibility.description": "Konfiguruje sposób wyświetlania tego przycisku na pasku stanu przez rozszerzenie.",
	"cmake-tools.configuration.cmake.statusbar.advanced.ctest.color.description": "Umożliwia zmianę koloru tego przycisku w zależności od wyników testu.",
	"cmake-tools.configuration.cmake.statusbar.advanced.length.description": "Konfiguruje maksymalną długość widocznego tekstu w trybie „kompaktowym”.",
	"cmake-tools.configuration.views.cmake.folders.description": "Foldery",
	"cmake-tools.configuration.views.cmake.outline.description": "Konspekt projektu",
	"cmake-tools.configuration.cmake.additionalKits.description": "Tablica ścieżek do plików zestawów niestandardowych",
	"cmake-tools.configuration.cmake.revealLog.description": "Konfiguruje ustawienia wyświetlania dziennika i skupiania się na kanale wyjściowym.",
	"cmake-tools.configuration.cmake.revealLog.focus.description": "Dziennik jest wyświetlany, a kanał wyjściowy przyjmuje fokus kursora.",
	"cmake-tools.configuration.cmake.revealLog.always.description": "Dziennik jest wyświetlany, ale kanał wyjściowy nie przyjmuje fokusu kursora.",
	"cmake-tools.configuration.cmake.revealLog.never.description": "Dziennik nie pojawia się ani nie przyjmuje fokusu.",
	"cmake-tools.configuration.cmake.exportCompileCommandsFile.description": "Umożliwia eksportowanie pliku compile_commands.js.",
	"cmake-tools.configuration.cmake.useCMakePresets.description": "Użyj pliku CMakePresets.json, aby ustawić konfigurację, kompilowanie i test dysku CMake. Przy korzystaniu z pliku CMakePresets.json zestawy, warianty i niektóre ustawienia w pliku settings.json zostaną pominięte.",
	"cmake-tools.configuration.cmake.allowCommentsInPresetsFile.description": "Zezwalaj na używanie rozszerzeń JSON, takich jak komentarze w CMakePresets.json. Pamiętaj, że plik CMakePresets.json może być uznany za nieprawidłowy przez inne środowiska IDE lub w wierszu polecenia, jeśli używasz niestandardowego kodu JSON.",
	"cmake-tools.configuration.cmake.allowUnsupportedPresetsVersions.description": "Umożliwia korzystanie z plików ustawień wstępnych używających funkcji z wersji, których rozszerzenie Narzędzia CMake obecnie nie obsługuje. Nieznane właściwości i makra zostaną zignorowane.",
	"cmake-tools.configuration.cmake.ignoreCMakeListsMissing.description": "Jeśli ma wartość `true`, rozszerzenie nie będzie monitować użytkownika o wybranie pliku CMakeLists.txt do konfiguracji, gdy zostanie znaleziony w obszarze roboczym, ale nie w folderze głównym.",
	"cmake-tools.configuration.cmake.launchBehavior.description": "Określa, co się dzieje z terminalem uruchamiania po uruchomieniu elementu docelowego.",
	"cmake-tools.taskDefinitions.properties.label.description": "Nazwa zadania",
	"cmake-tools.taskDefinitions.properties.command.description": "Polecenie narzędzia CMake",
	"cmake-tools.taskDefinitions.properties.targets.description": "Miejsca docelowe kompilacji narzędzia CMake",
	"cmake-tools.taskDefinitions.properties.preset.description": "Nazwa ustawienia wstępnego narzędzia CMake. Jest to konfiguracja, kompilacja lub wstępne ustawienie testowe oparte na poleceniu CMake",
	"cmake-tools.taskDefinitions.properties.options.description": "Dodatkowe opcje polecenia",
	"cmake-tools.taskDefinitions.properties.options.cwd.description": "Bieżący katalog roboczy wykonanego programu lub skryptu. Jeśli pominięto, używany jest bieżący katalog główny obszaru roboczego programu Code.",
	"cmake-tools.taskDefinitions.properties.options.environment.markdownDescription": "Zmienne środowiskowe w formacie \"name\": \"value\".",
	"cmake-tools.taskDefinitions.properties.details.description": "Dodatkowe szczegóły zadania",
	"cmake-tools.configuration.cmake.launchBehavior.reuseTerminal.markdownDescriptions": "Wystąpienie terminalu uruchamiania zostanie ponownie uruchomione, a obiekt docelowy zostanie uruchomiony, gdy tylko terminal będzie bezczynny.",
	"cmake-tools.configuration.cmake.launchBehavior.breakAndReuseTerminal.markdownDescriptions": "Wystąpienie terminalu uruchamiania jest ponownie uruchamiane, a polecenie `break` jest wysyłane w celu zakończenia wszelkich aktywnych procesów pierwszego planu przed uruchomieniem elementu docelowego.",
	"cmake-tools.configuration.cmake.launchBehavior.newTerminal.markdownDescriptions": "Tworzone jest nowe wystąpienie terminalu i zostanie w nim uruchomiony element docelowy. Istniejące terminale nie są automatycznie czyszczone.",
	"cmake-tools.configuration.cmake.loadCompileCommands.description": "Określa, czy rozszerzenie odczytuje plik compile_commands.json, aby włączać kompilację pojedynczego pliku."
}