{
	"cmake-tools.command.cmake.openCMakePresets.title": "\"CMakePresets.json\" öffnen",
	"cmake-tools.command.cmake.addConfigurePreset.title": "Konfigurationsvoreinstellung hinzufügen",
	"cmake-tools.command.cmake.addBuildPreset.title": "Buildvoreinstellung hinzufügen",
	"cmake-tools.command.cmake.addTestPreset.title": "Testvoreinstellung hinzufügen",
	"cmake-tools.command.cmake.selectConfigurePreset.title": "Konfigurationsvoreinstellung auswählen",
	"cmake-tools.command.cmake.selectBuildPreset.title": "Buildvoreinstellung auswählen",
	"cmake-tools.command.cmake.selectTestPreset.title": "Testvoreinstellung auswählen",
	"cmake-tools.command.cmake.viewLog.title": "CMake Tools-Protokolldatei öffnen",
	"cmake-tools.command.cmake.logDiagnostics.title": "Diagnose protokollieren",
	"cmake-tools.command.cmake.editKits.title": "User-Local-CMake-Kits bearbeiten",
	"cmake-tools.command.cmake.scanForKits.title": "Nach Kits suchen",
	"cmake-tools.command.cmake.scanForCompilers.title": "Nach Compilern suchen",
	"cmake-tools.command.cmake.selectKit.title": "Kit auswählen",
	"cmake-tools.command.cmake.setVariant.title": "Variante auswählen",
	"cmake-tools.command.cmake.setVariantAll.title": "Variante für alle Projekte auswählen",
	"cmake-tools.command.cmake.configure.title": "Konfigurieren",
	"cmake-tools.command.cmake.configureAll.title": "Alle Projekte konfigurieren",
	"cmake-tools.command.cmake.showConfigureCommand.title": "Befehl \"Konfigurieren\" anzeigen",
	"cmake-tools.command.cmake.build.title": "Build",
	"cmake-tools.command.cmake.buildAll.title": "Alle Projekte erstellen",
	"cmake-tools.command.cmake.showBuildCommand.title": "Buildbefehl anzeigen",
	"cmake-tools.command.cmake.buildNamedTarget.title": "(Intern) Ziel anhand des Namens erstellen",
	"cmake-tools.command.cmake.compileFile.title": "Aktive Datei kompilieren",
	"cmake-tools.command.cmake.outline.compileFile.title": "Datei kompilieren",
	"cmake-tools.command.cmake.install.title": "Installieren",
	"cmake-tools.command.cmake.installAll.title": "Alle Projekte installieren",
	"cmake-tools.command.cmake.buildWithTarget.title": "Ziel erstellen",
	"cmake-tools.command.cmake.setDefaultTarget.title": "Buildziel festlegen",
	"cmake-tools.command.cmake.cleanConfigure.title": "Cache löschen und neu konfigurieren",
	"cmake-tools.command.cmake.cleanConfigureAll.title": "Cache löschen und alle Projekte neu konfigurieren",
	"cmake-tools.command.cmake.editCacheUI.title": "CMake-Cache bearbeiten (Benutzeroberfläche)",
	"cmake-tools.command.cmake.outline.cleanConfigure.title": "Neukonfiguration bereinigen",
	"cmake-tools.command.cmake.outline.cleanConfigureAll.title": "Alle Projekte sauber neu konfigurieren",
	"cmake-tools.command.cmake.clean.title": "Bereinigen",
	"cmake-tools.command.cmake.cleanAll.title": "Alle Projekte bereinigen",
	"cmake-tools.command.cmake.cleanRebuild.title": "Neuerstellung bereinigen",
	"cmake-tools.command.cmake.cleanRebuildAll.title": "Alle Projekte sauber neu erstellen",
	"cmake-tools.command.cmake.ctest.title": "Tests durchführen",
	"cmake-tools.command.cmake.ctestAll.title": "Tests für alle Projekte ausführen",
	"cmake-tools.command.cmake.editCache.title": "CMake-Cache bearbeiten",
	"cmake-tools.command.cmake.quickStart.title": "Schnellstart",
	"cmake-tools.command.cmake.debugTarget.title": "Debuggen",
	"cmake-tools.command.cmake.debugTargetAll.title": "Alle Projekte debuggen",
	"cmake-tools.command.cmake.launchTarget.title": "Ohne Debuggen ausführen",
	"cmake-tools.command.cmake.launchTargetAll.title": "Alle Projekte ohne Debuggen ausführen",
	"cmake-tools.command.cmake.selectLaunchTarget.title": "Debugziel festlegen",
	"cmake-tools.command.cmake.stop.title": "Build abbrechen",
	"cmake-tools.command.cmake.stopAll.title": "Build für alle Projekte abbrechen",
	"cmake-tools.command.cmake.resetState.title": "Erweiterungsstatus für CMake Tools zurücksetzen (zur Problembehandlung)",
	"cmake-tools.command.cmake.selectActiveFolder.title": "Aktiven Ordner auswählen",
	"cmake-tools.command.cmake.outline.runUtilityTarget.title": "Hilfsprogramm ausführen",
	"cmake-tools.command.cmake.outline.debugTarget.title": "Debuggen",
	"cmake-tools.command.cmake.outline.launchTarget.title": "In Terminal ausführen",
	"cmake-tools.command.cmake.outline.setDefaultTarget.title": "Als Buildziel festlegen",
	"cmake-tools.command.cmake.outline.setLaunchTarget.title": "Als Start-/Debugziel festlegen",
	"cmake-tools.command.cmake.outline.revealInCMakeLists.title": "\"CMakeLists.txt\" öffnen",
	"cmake-tools.command.cmake.folders.setActiveFolder.title": "Aktiven Ordner festlegen",
	"cmake-tools.configuration.title": "CMake Tools-Konfiguration",
	"cmake-tools.configuration.cmake.cmakePath.description": "Name/Pfad der zu verwendenden ausführbaren CMake-Datei.",
	"cmake-tools.configuration.cmake.buildDirectory.description": "Das Verzeichnis, in dem CMake-Builddateien abgelegt werden.",
	"cmake-tools.configuration.cmake.installPrefix.description": "Das Verzeichnis, in dem installierte CMake-Dateien abgelegt werden.",
	"cmake-tools.configuration.cmake.sourceDirectory.description": "Pfad oder Array von Pfaden zu dem/den Stammverzeichnis(en) \"CMakeLists.txt\".",
	"cmake-tools.configuration.cmake.saveBeforeBuild.description": "Hiermit werden geöffnete Dateien vor dem Erstellen gespeichert.",
	"cmake-tools.configuration.cmake.buildBeforeRun.description": "Hiermit wird vor der Ausführung das Ziel erstellt.",
	"cmake-tools.configuration.cmake.clearOutputBeforeBuild.description": "Hiermit wird die Buildausgabe vor jedem Build gelöscht.",
	"cmake-tools.configuration.cmake.configureSettings.description": "CMake-Variablen, die in der Befehlszeile festgelegt werden sollen.",
	"cmake-tools.configuration.cmake.cacheInit.string.description": "Pfad zu einer CMake-Datei zur Cacheinitialisierung.",
	"cmake-tools.configuration.cmake.cacheInit.array.description": "Liste der Cacheinitialisiererdateien.",
	"cmake-tools.configuration.cmake.cacheInit.array.string.description": "CMake-Datei zur Cacheinitialisierung.",
	"cmake-tools.configuration.cmake.preferredGenerators.description": "Die bevorzugten CMake-Generatoren, die beim Konfigurieren verwendet werden sollen (werden in der Reihenfolge der Auflistung versucht).",
	"cmake-tools.configuration.cmake.generator.description": "Der zu verwendende CMake-Generator.",
	"cmake-tools.configuration.cmake.toolset.description": "Das CMake-Toolset, das beim Konfigurieren verwendet werden soll.",
	"cmake-tools.configuration.cmake.platform.description": "Die für die Konfiguration zu verwendende CMake-Plattform.",
	"cmake-tools.configuration.cmake.configureArgs.description": "Zusätzliche Argumente, die beim Konfigurieren an CMake übergeben werden sollen.",
	"cmake-tools.configuration.cmake.buildArgs.description": "Zusätzliche Argumente, die beim Erstellen an CMake übergeben werden.",
	"cmake-tools.configuration.cmake.buildToolArgs.description": "Zusätzliche Argumente, die beim Erstellen an das zugrunde liegende Buildtool übergeben werden sollen.",
	"cmake-tools.configuration.cmake.parallelJobs.description": "Die Anzahl paralleler Buildaufträge. Verwenden Sie null, um die Anzahl von CPUs automatisch zu ermitteln. Das Festlegen auf 1 deaktiviert die Buildparallelität.",
	"cmake-tools.configuration.cmake.ctestPath.description": "Pfad zur ausführbaren CTest-Datei. Bei NULL erfolgt ein Rückschluss von \"cmake.cmakePath\". (Die Beibehaltung von NULL wird empfohlen.)",
	"cmake-tools.configuration.cmake.ctest.parallelJobs.description": "Die Anzahl paralleler Testaufträge. Verwenden Sie 0, um den Wert von \"cmake.parallelJobs\" zu verwenden.",
	"cmake-tools.configuration.cmake.parseBuildDiagnostics.description": "Hiermit wird Compilerausgabe auf Warnungen und Fehler analysiert.",
	"cmake-tools.configuration.cmake.enabledOutputParsers.description": "Zu verwendende Ausgabeparser. Unterstützte Parser `cmake`, `gcc`, `gnuld` für die Linkerausgabe im GNULD-Format, `msvc` für Microsoft Visual C++, `ghs` für den Green Hills-Compiler mit --no_wrap_diagnostics --brief_diagnostics und `diab` für den Wind River Diab-Compiler.",
	"cmake-tools.configuration.cmake.debugConfig.description": "Die Debugkonfiguration, die beim Debuggen eines Ziels verwendet werden soll.",
	"cmake-tools.configuration.cmake.debugConfig.symbolSearchPath.description": "Symbolsuchpfade für Visual Studio-Debugger.",
	"cmake-tools.configuration.cmake.debugConfig.additionalSOLibSearchPath.description": "Pfade für GDB oder LLDB für die Suche nach SO-Dateien.",
	"cmake-tools.configuration.cmake.debugConfig.externalConsole.description": "Hiermit wird eine externe Konsole für das Programm gestartet.",
	"cmake-tools.configuration.cmake.debugConfig.console.description": "Wo das Debugziel gestartet werden soll. Standardmäßig `internalConsole`, wenn nicht definiert.",
	"cmake-tools.configuration.cmake.debugConfig.console.internalConsole.description": "Die Ausgabe an die Debugging-Konsole von VS Code. Das Lesen von Konsoleneingaben (z. B. `std::cin` oder `scanf`) wird nicht unterstützt.",
	"cmake-tools.configuration.cmake.debugConfig.console.integratedTerminal.description": "Das integrierte Terminal von VS Code.",
	"cmake-tools.configuration.cmake.debugConfig.console.externalTerminal.description": "Konsolenanwendungen werden in einem externen Terminalfenster gestartet. Das Fenster wird in Neustartszenarien erneut verwendet und beim Beenden der Anwendung nicht automatisch ausgeblendet.",
	"cmake-tools.configuration.cmake.debugConfig.console.newExternalWindow.description": "Konsolenanwendungen werden in ihrem eigenen externen Konsolenfenster gestartet, das beim Beenden der Anwendung ebenfalls beendet wird. Nicht-Konsolenanwendungen werden ohne Terminal ausgeführt, und stdout/stderr wird ignoriert.",
	"cmake-tools.configuration.cmake.debugConfig.logging.description": "Hiermit wird festgelegt, welche Nachrichtentypen in der Konsole protokolliert werden sollen.",
	"cmake-tools.configuration.cmake.debugConfig.visualizerFile.description": "Die NATVIS-Datei, die beim Debuggen verwendet werden soll.",
	"cmake-tools.configuration.cmake.debugConfig.args.description": "An die Befehlszeile des Programms zu übergebende Argumente.",
	"cmake-tools.configuration.cmake.debugConfig.cwd.description": "Hiermit legen Sie das Arbeitsverzeichnis für das Programm fest.",
	"cmake-tools.configuration.cmake.debugConfig.environment.name.description": "Name der Umgebungsvariablen.",
	"cmake-tools.configuration.cmake.debugConfig.environment.value.description": "Wert für die Umgebungsvariable.",
	"cmake-tools.configuration.cmake.debugConfig.miDebuggerPath.description": "Pfad zum gdb- oder lldb-Debugger.",
	"cmake-tools.configuration.cmake.debugConfig.stopAtEntry.description": "Hiermit wird der Vorgang am Einstiegspunkt des Ziels beendet.",
	"cmake-tools.configuration.cmake.debugConfig.setupCommands.description": "Befehl zum Einrichten von gdb oder lldb.",
	"cmake-tools.configuration.cmake.debugConfig.setupCommands.text.description": "Auszuführender Befehl.",
	"cmake-tools.configuration.cmake.debugConfig.setupCommands.description.description": "Beschreibung des Befehls.",
	"cmake-tools.configuration.cmake.defaultVariants.buildType.description": "Der Buildtyp.",
	"cmake-tools.configuration.cmake.defaultVariants.buildType.debug.long": "Optimierungen deaktivieren – Debuginformationen einschließen.",
	"cmake-tools.configuration.cmake.defaultVariants.buildType.release.long": "Für Geschwindigkeit optimieren – Debuginformationen ausschließen.",
	"cmake-tools.configuration.cmake.defaultVariants.buildType.minsize.long": "Für kleinste binäre Größe optimieren – Debuginformationen ausschließen.",
	"cmake-tools.configuration.cmake.defaultVariants.buildType.reldeb.long": "Für Geschwindigkeit optimieren – Debuginformationen einschließen.",
	"cmake-tools.configuration.cmake.ctestArgs.description": "An CTest zu übergebende Argumente.",
	"cmake-tools.configuration.cmake.ctestDefaultArgs.description": "Argumente, die standardmäßig an CTest übergeben werden.",
	"cmake-tools.configuration.cmake.environment.description": "Umgebungsvariablen, die beim Ausführen von CMake-Befehlen festgelegt werden sollen.",
	"cmake-tools.configuration.cmake.environment.additionalProperties.description": "Wert für die Umgebungsvariable.",
	"cmake-tools.configuration.cmake.configureEnvironment.description": "Umgebungsvariablen, die während der Konfiguration an CMake übergeben werden.",
	"cmake-tools.configuration.cmake.buildEnvironment.description": "Umgebungsvariablen, die während des Buildvorgangs an CMake übergeben werden sollen.",
	"cmake-tools.configuration.cmake.testEnvironment.description": "Umgebungsvariablen, die an CTest übergeben werden sollen.",
	"cmake-tools.configuration.cmake.mingwSearchDirs.description": "Verzeichnisse, in denen MinGW möglicherweise installiert ist.",
	"cmake-tools.configuration.cmake.searchDirs.items.description": "Pfad zu einem Verzeichnis.",
	"cmake-tools.configuration.cmake.emscriptenSearchDirs.description": "Verzeichnisse, in denen Emscripten möglicherweise installiert ist.",
	"cmake-tools.configuration.cmake.mergedCompileCommands.description": "Sammeln und zusammenführen Sie rekursiv alle compile_commands.json aus \"cmake.buildDirectory\".",
	"cmake-tools.configuration.cmake.copyCompileCommands.description": "Hiermit wird \"compile_commands.json\" nach erfolgreicher Konfiguration an diesen Speicherort kopiert.",
	"cmake-tools.configuration.cmake.configureOnOpen.description": "Hiermit werden CMake-Projektverzeichnisse beim Öffnen automatisch konfiguriert.",
	"cmake-tools.configuration.cmake.configureOnEdit.description": "Hiermit werden CMake-Projektverzeichnisse automatisch konfiguriert, wenn cmake.sourceDirectory- oder CMakeLists.txt-Inhalte gespeichert werden.",
	"cmake-tools.configuration.cmake.setBuildTypeOnMultiConfig.description": "CMAKE_BUILD_TYPE auch für Generatoren für mehrere Konfigurationen festlegen",
	"cmake-tools.configuration.cmake.skipConfigureIfCachePresent.description": "Hiermit wird der Konfigurationsprozess übersprungen, wenn der Cache vorhanden ist.",
	"cmake-tools.configuration.cmake.cmakeCommunicationMode": "Das für die Kommunikation zwischen der Erweiterung und CMake verwendete Protokoll",
	"cmake-tools.configuration.cmake.showSystemKits.description": "Systemkits in die Kitauswahl einschließen",
	"cmake-tools.configuration.cmake.ignoreKitEnv.description": "Hiermit werden die Umgebungsvariablen des Kits beim Ausführen von CMake-Befehlen nicht verwendet.",
	"cmake-tools.configuration.cmake.buildTask.description": "Über \"tasks.json\" statt über internen Prozess erstellen",
	"cmake-tools.configuration.cmake.outputLogEncoding.description": "Codierung der Ausgabe von externen Befehlen (z. B.: cmake --build).",
	"cmake-tools.configuration.cmake.enableTraceLogging.description": "Hiermit wird die Ablaufverfolgungsprotokollierung in Datei und Konsole aktiviert (große Datenmenge).",
	"cmake-tools.configuration.cmake.autoSelectActiveFolder.description": "Hiermit wird der aktive Ordner automatisch ausgewählt.",
	"cmake-tools.configuration.cmake.touchbar.visibility.description": "Hiermit wird konfiguriert, wie die Erweiterung die Schaltflächen auf einer MacBook Touch Bar anzeigt.",
	"cmake-tools.configuration.cmake.touchbar.visibility.default.description": "Hiermit werden die Touch Bar-Schaltflächen auf unterstützten Systemen angezeigt.",
	"cmake-tools.configuration.cmake.touchbar.visibility.hidden.description": "Hiermit werden die Touch Bar-Schaltflächen nicht angezeigt.",
	"cmake-tools.configuration.cmake.statusbar.visibility.description": "Hiermit wird konfiguriert, wie die Erweiterung die Schaltflächen in der Statusleiste anzeigt.",
	"cmake-tools.configuration.cmake.statusbar.advanced.description": "Hiermit werden die Einstellungen für einzelne Schaltflächen auf der Statusleiste konfiguriert. Diese Einstellungen überschreiben die allgemeinere Einstellung \"cmake.statusbar.visibility\".",
	"cmake-tools.configuration.cmake.statusbar.advanced.visibility.description": "Hiermit wird konfiguriert, wie die Erweiterung diese Schaltfläche in der Statusleiste anzeigt.",
	"cmake-tools.configuration.cmake.statusbar.advanced.ctest.color.description": "Hiermit wird die Farbänderung für diese Schaltfläche je nach Testergebnis aktiviert.",
	"cmake-tools.configuration.cmake.statusbar.advanced.length.description": "Hiermit wird die maximale Länge des sichtbaren Texts im Compact-Modus konfiguriert.",
	"cmake-tools.configuration.views.cmake.folders.description": "Ordner",
	"cmake-tools.configuration.views.cmake.outline.description": "Projektgliederung",
	"cmake-tools.configuration.cmake.additionalKits.description": "Array aus Pfaden zu benutzerdefinierten Kit-Dateien",
	"cmake-tools.configuration.cmake.revealLog.description": "Konfiguriert die Einstellungen für die Anzeige des Protokolls und die Fokussierung auf den Ausgabekanal.",
	"cmake-tools.configuration.cmake.revealLog.focus.description": "Das Protokoll wird angezeigt und der Ausgabekanal nimmt den Fokus des Cursors an.",
	"cmake-tools.configuration.cmake.revealLog.always.description": "Das Protokoll wird angezeigt, aber der Ausgabekanal nimmt den Fokus des Cursors nicht an.",
	"cmake-tools.configuration.cmake.revealLog.never.description": "Das Protokoll erscheint nicht und nimmt auch nicht den Fokus an.",
	"cmake-tools.configuration.cmake.exportCompileCommandsFile.description": "Ermöglicht das Exportieren von \"compile_commands.json\".",
	"cmake-tools.configuration.cmake.useCMakePresets.description": "Benutzen Sie \"CMakePresets.json\", um das Konfigurieren, Erstellen und Testen von \"CMake\" zu steuern. Bei Verwendung von \"CMakePresets.json\" werden Kits, Varianten und einige Einstellungen in \"settings.json\" ignoriert.",
	"cmake-tools.configuration.cmake.allowCommentsInPresetsFile.description": "Hiermit wird die Verwendung von JSON-Erweiterungen, wie z. B. Kommentare in CMakePresets.json, zugelassen. Beachten Sie, dass Ihre CMakePresets.json-Datei von anderen IDEs als ungültig betrachtet werden kann, oder in der Befehlszeile, wenn Sie nicht standardmäßiges JSON verwenden.",
	"cmake-tools.configuration.cmake.allowUnsupportedPresetsVersions.description": "Aktiviert die Verwendung von Voreinstellungsdateien, die Features aus den Versionen verwenden, die von der Erweiterung \"CMake Tools\" derzeit nicht unterstützt werden. Unbekannte Eigenschaften und Makros werden ignoriert.",
	"cmake-tools.configuration.cmake.ignoreCMakeListsMissing.description": "`true` gibt an, dass der Benutzer von der Erweiterung nicht aufgefordert wird, eine CMakeLists.txt-Datei für die Konfiguration auszuwählen, wenn eine Datei im Arbeitsbereich, aber nicht im Stammordner gefunden wird.",
	"cmake-tools.configuration.cmake.launchBehavior.description": "Steuert, was mit dem Startterminal beim Starten eines Ziels geschieht.",
	"cmake-tools.taskDefinitions.properties.label.description": "Der Name der Aufgabe",
	"cmake-tools.taskDefinitions.properties.command.description": "CMake-Befehl",
	"cmake-tools.taskDefinitions.properties.targets.description": "CMake-Buildziele",
	"cmake-tools.taskDefinitions.properties.preset.description": "CMake-Voreinstellungsname. Dies ist eine Konfigurations-, Build- oder Testvoreinstellung, die auf dem CMake-Befehl basiert.",
	"cmake-tools.taskDefinitions.properties.options.description": "Weitere Befehlsoptionen",
	"cmake-tools.taskDefinitions.properties.options.cwd.description": "Das aktuelle Arbeitsverzeichnis des ausgeführten Programms oder Skripts. Wenn keine Angabe erfolgt, wird das aktuelle Arbeitsbereich-Stammverzeichnis des Codes verwendet.",
	"cmake-tools.taskDefinitions.properties.options.environment.markdownDescription": "Umgebungsvariablen im Format \"name\": \"value\".",
	"cmake-tools.taskDefinitions.properties.details.description": "Zusätzliche Details zur Aufgabe",
	"cmake-tools.configuration.cmake.launchBehavior.reuseTerminal.markdownDescriptions": "Die Instanz des Startterminals wird wiederverwendet, und das Ziel wird gestartet, sobald sich das Terminal im Leerlauf befindet.",
	"cmake-tools.configuration.cmake.launchBehavior.breakAndReuseTerminal.markdownDescriptions": "Die Startterminalinstanz wird wiederverwendet, und ein `break`-Befehl wird gesendet, um jeden aktiven Vordergrundprozess vor dem Starten des Ziels zu beenden.",
	"cmake-tools.configuration.cmake.launchBehavior.newTerminal.markdownDescriptions": "Eine neue Terminalinstanz wird erstellt, und das Ziel wird darin gestartet. Vorhandene Terminals werden nicht automatisch bereinigt.",
	"cmake-tools.configuration.cmake.loadCompileCommands.description": "Steuert, ob die Erweiterung compile_commands.json liest, um die Kompilierung einzelner Dateien zu ermöglichen."
}